3020000	Ryan	ライアン	3	3	0	0	0	0	1000	2014-05-23	4800	\N	560	\N	Soldier Axe
3020001	Herja	ヘリヤ	3	3	0	2	1	0	1000	2014-06-30	3800	\N	840	\N	Two-Handed Sword
3020002	Eso	エシオ	3	3	0	1	0	0	1000	2014-04-16	4900	\N	620	\N	Sky Tomahawk
3020004	Galadar	ガラドア	3	3	0	2	2	1	1000	2014-05-08	3800	\N	1000	\N	Draph Hammer
3020005	Deliford	デリフォード	3	3	0	3	2	0	1000	2014-09-30	3600	\N	960	\N	Night Horn
3020006	Farrah	ファラ	3	3	0	2	1	0	1000	2014-03-10	3920	\N	816	\N	Fire Sword
3020007	Volenna	ボレミア	3	3	0	2	2	0	1000	2014-05-31	3600	\N	880	\N	Xiphos
3020008	Anna	アンナ	3	3	0	0	0	0	1000	2014-03-10	4800	\N	640	\N	Feather Wand
3020009	Hazen	ヘイゼン	3	3	0	1	2	0	1000	2014-03-10	3200	\N	800	\N	Mythril Knuckles
3020010	Will	ウィル	3	3	0	5	4	0	1000	2014-04-24	4200	\N	768	\N	The Cross
3020011	Petra	ペトラ	3	3	0	1	3	0	1000	2014-06-17	3200	\N	880	\N	Moss Tree Staff
3020012	Jasmine	ジャスミン	3	3	0	2	3	0	1000	2014-03-10	3000	\N	840	\N	Taiaha
3020013	Walder	ウェルダー	3	3	0	2	1	0	\N	2014-03-10	4000	\N	800	\N	Main Gauche
3020014	Richard	リチャード	3	3	0	3	4	0	1000	2014-03-31	4240	\N	760	\N	Self Defender
3020015	Tanya	ターニャ	3	3	0	5	1	0	1000	2014-08-31	3840	\N	830	\N	Bloody Piercer
3020016	Mary	マリー	3	3	0	0	1	0	1000	2014-03-10	4000	\N	800	\N	Petronel
3020017	Zehek	ゼヘク	3	3	0	5	0	0	1000	2014-03-10	4720	\N	650	\N	Mandau
3020018	Rosamia	ロザミア	3	3	0	4	1	0	1000	2014-03-10	3800	\N	840	\N	Thunder Rapier
3020019	Stan	スタン	3	3	0	1	0	2	1000	2014-04-30	4320	\N	640	\N	Lightbringer
3020020	Feather	フェザー	3	3	0	4	0	0	1000	2014-06-22	4500	\N	640	\N	Blast Knuckles
3020021	Anna (Summer)	アンナ	3	3	0	0	0	0	1030	2014-07-16	4900	\N	620	\N	Cursed Flame Candelabra
3020022	Walder (Summer)	ウェルダー	3	3	0	2	1	0	1030	2014-07-31	4400	\N	720	\N	Wooden Dagger
3020023	Mary (Summer)	マリー	3	3	0	0	1	0	1030	2014-08-14	4160	\N	770	\N	Firecracker
3020024	Daetta	ダエッタ	3	3	0	4	0	1	1000	2014-09-12	5280	\N	700	\N	Morning Star
3020025	Elmelaura	エルメラウラ	3	3	0	0	4	3	1000	2014-10-31	4200	\N	580	\N	Ghillie Fork
3020026	Leonora	レオノーラ	3	3	0	1	1	3	1000	2014-11-14	4200	\N	720	\N	Dark Sword
3020027	Garma	ガルマ	3	3	0	2	1	1	1000	2014-11-30	4580	\N	840	\N	Sawed-Off Shotgun
3020028	Walder (Holiday)	ウェルダー	3	3	0	2	1	0	1020	2014-12-16	4400	\N	720	\N	Tree Wand
3020029	Suframare	スフラマール	3	3	0	3	3	3	1000	2014-12-31	3360	\N	800	\N	Snowman Rod
3020030	Yodarha	ヨダルラーハ	3	3	0	3	1	3	1000	2015-01-22	4290	\N	640	\N	Shrimp Lure
3020031	Lowain	ローアイン	3	3	0	5	0	2	1000	2015-01-31	4320	\N	580	\N	Switchblade
3020032	Camieux	クムユ	3	3	0	0	4	1	1000	2015-02-28	4620	\N	680	\N	Torch
3020033	Norcel	ノルセル	3	3	0	2	4	3	1000	2015-03-17	4350	\N	580	\N	Stone Pole
3020034	Barawa	バロワ	3	3	0	0	0	1	1000	2015-03-31	5040	\N	680	\N	Derringer
3020035	Krugne	クルーニ	3	3	0	1	4	2	1000	2015-04-16	3600	\N	720	\N	Old Sword
3020036	Karva	カルバ	3	3	0	0	1	1	1000	2015-04-30	4200	\N	840	\N	Flame Bolt
3020037	Vanzza	ヴァンツァ	3	3	0	2	0	1	1000	2015-05-25	4960	\N	720	\N	Tonfa
3020038	Ippatsu	イッパツ	3	3	0	0	4	0	1000	2015-05-31	4440	\N	700	\N	Chopsticks
3020039	Philosophia	フィラソピラ	3	3	0	4	3	3	1000	2015-06-26	3300	\N	850	\N	Light Staff
3020040	Joel	ジョエル	3	3	0	3	1	0	1000	2015-06-30	3900	\N	820	\N	Silver Pole
3020041	Lowain (Summer)	ローアイン	3	3	0	5	0	2	1030	2015-07-31	4320	\N	580	\N	Cleaver
3020043	Karteira	カルテイラ	3	3	0	1	4	2	1000	2015-08-31	3740	\N	940	\N	Paper Fan
3020044	Dante	ダーント	3	3	0	0	0	0	1000	2015-09-22	3200	\N	960	\N	Forest Hermit Staff
3020045	Pavidus	パヴィーダ	3	3	0	1	2	1	1000	2015-09-30	3780	\N	1010	\N	Light Buckler
3020046	Viceroy	エアロバイス	3	3	0	0	4	0	1000	2015-10-31	4600	\N	600	\N	Iron Pliers
3020047	Camieux (Earth)	クムユ	3	3	0	2	4	1	1000	2015-11-19	4580	\N	690	\N	Rubia Rod
3020048	Bridgette	ブリジール	3	3	0	3	4	3	1000	2015-12-02	4520	\N	600	\N	White Sword
3020049	Flesselles	フレッセル	3	3	0	0	1	2	1000	2016-01-15	3960	\N	680	\N	Flame Bow
3020050	Lunalu	ルナール	3	3	0	5	4	3	1000	2016-01-31	4600	\N	550	\N	Night Bell
3020051	Nene	ネネ	3	3	0	2	4	0	1000	2016-02-18	4160	\N	770	\N	Oven Mitts
3020052	Lamretta (R)	ラムレッダ	3	3	0	0	4	1	1000	2016-02-29	3640	\N	880	\N	Broken Bottle
3020053	Alistair	アリステラ	3	3	0	3	4	3	1000	2016-04-04	4240	\N	750	\N	Student Notebook
3020054	Vermeil	ヴェリトール	3	3	0	4	1	3	1000	2016-04-20	4500	\N	675	\N	Prism Tear
3020055	Balurga	バルルガン	3	3	0	2	0	3	1000	2016-05-02	5000	\N	580	\N	Iron Guard
3020056	Thelonim	セロニム	3	3	0	1	4	2	1000	2016-05-18	4000	\N	640	\N	Practice Sword
3020057	Rosine	ロジーヌ	3	3	0	0	3	0	1000	2016-05-31	3100	\N	900	\N	Vintage Flat Iron
3020058	La Coiffe	コワフュール	3	3	0	2	4	2	1000	2016-06-16	3960	\N	580	\N	Heavy Metal Comb
3020059	Chloe	クロエ	3	3	0	1	4	2	1000	2016-06-30	3960	\N	580	\N	Enchanted Nail
3020060	Ippatsu (Summer)	イッパツ	3	3	0	0	4	0	1030	2016-07-15	4440	\N	700	\N	Cold Noodles
3020061	Lunalu (Summer)	ルナール	3	3	0	5	4	3	1030	2016-07-31	4600	\N	550	\N	Night Air Bell
3020062	Cailana	カイラナ	3	3	0	3	0	2	1000	2016-08-31	4320	\N	580	\N	Boogie Plates
3020063	Drusilla	ドロッセル	3	3	0	0	4	3	1000	2016-09-15	4490	\N	700	\N	Little Scarlet
3020064	Cordelia	コーデリア	3	3	0	4	2	0	1000	2016-09-30	3600	\N	960	\N	Blue Crest
3020066	Bakura	バクラ	3	3	0	5	1	1	1000	2016-10-14	4480	\N	860	\N	Bronze Bell
3020070	Randall	ランドル	3	3	0	3	0	0	1000	2016-11-30	4800	\N	640	\N	Tattoo Fist
3020071	Spinnah	スピナー	3	3	0	1	0	0	1000	2018-05-31	4200	\N	600	\N	Spin Blade
3020072	Young Cat (Event)	猫	3	3	0	6	4	5	\N	2019-01-31	3990	\N	570	\N	\N
3030000	Naoise (Promo)	ノイシュ	4	4	1	4	2	0	\N	2014-03-13	5400	\N	1320	\N	Longinus
3030001	Therese (Event)	テレーズ	4	4	1	3	4	0	\N	2014-03-31	5500	\N	1100	\N	Tanzanite Sword
3030002	Mishra	マイシェラ	4	4	1	3	4	2	1000	2014-03-31	5400	\N	1300	\N	Spritewood Staff
3030003	Alec	アレク	4	5	1	0	0	0	1000	2014-03-10	7500	8400	900	1010	Kaiser Knuckles
3030004	Helnar	ヘルナル	4	5	1	1	1	2	1000	2014-03-10	5625	6800	1250	1500	Tilvung
3030005	Katalina	カタリナ	3	5	1	3	1	0	\N	2014-03-10	5400	\N	1320	\N	\N
3030006	Io	イオ	3	5	1	3	3	0	\N	2014-03-10	5000	6000	1250	1450	\N
3030007	Eugen	オイゲン	3	5	1	2	1	0	\N	2014-03-10	6880	7970	900	1046	\N
3030008	Rackam	ラカム	3	5	1	0	4	0	\N	2014-03-10	6250	7250	1250	1450	\N
3030009	Gayne	ガイーヌ	4	5	1	2	4	0	1000	2014-03-10	5900	7080	1320	1590	Ram-Dao
3030010	Rosetta	ロゼッタ	3	4	1	1	1	5	\N	2014-03-26	4800	5800	1040	1300	\N
3030011	Abby (Promo)	アビー	4	4	1	0	0	0	\N	2014-03-13	6000	\N	800	\N	Akhu
3030012	Ange	アンジェ	4	5	1	3	1	0	1000	2014-04-16	6250	7500	1250	1500	Royal Rapier
3030013	Lamretta	ラムレッダ	4	4	1	2	1	1	1000	2014-04-24	5600	\N	1350	\N	Zhonpeli
3030014	Ulamnuran	ウラムヌラン	4	5	1	3	4	3	1000	2014-04-30	6530	7820	1010	1200	Narval
3030015	Aliza (Event)	アリーザ	4	4	1	0	0	1	\N	2014-04-30	6300	\N	840	\N	Vulcan Gauntlet
3030016	Jessica (Event)	ジェシカ	4	4	1	0	1	0	\N	2014-05-08	5625	\N	1125	\N	Arquebus
3030017	Danua	ダヌア	4	5	1	5	4	1	1000	2014-05-08	6530	7840	1240	1490	Puppet Knife
3030018	Sutera	スーテラ	4	5	1	1	1	2	1000	2014-05-23	5930	7060	1310	1560	Sutera's Bow
3030019	Vira	ヴィーラ	4	4	1	5	0	0	1000	2014-06-22	7000	\N	1000	\N	Lyst
3030020	Soriz	ソリッズ	4	5	1	2	0	0	1000	2014-05-31	7500	9000	875	1040	Impact Knuckles
3030021	Sara (Event)	サラ	4	4	1	2	2	0	\N	2014-05-31	4500	\N	1300	\N	Sandcastle Spear
3030022	Jin (Event)	ジン	4	4	1	2	0	0	\N	2014-06-09	6000	\N	700	\N	Obsidian Bow
3030023	Elmott	エルモート	4	4	1	0	0	2	1000	2014-03-10	6750	\N	900	\N	Arson
3030024	Keehar	キハール	4	4	1	1	1	2	1000	2014-03-10	5850	\N	1125	\N	Stravaria
3030025	Elta	エルタ	4	4	1	1	4	0	1000	2014-06-30	6875	\N	1000	\N	Songsmith's Harp
3030026	Selfira (Event)	セレフィラ	4	5	1	1	3	2	\N	2014-06-30	4200	5880	990	1390	Platinum Harp
3030027	Ezecrain	エゼクレイン	4	4	1	0	4	0	1000	2014-07-16	6250	\N	1125	\N	Chain Knuckles
3030028	Sig (Event)	シグ	4	4	1	3	0	0	\N	2014-07-31	5900	\N	850	\N	Harpoon
3030029	Katalina (Summer)	カタリナ	4	4	1	3	2	0	1030	2014-07-31	5625	\N	1500	\N	Ripple Rapier
3030030	Jessica (Summer)	ジェシカ	4	4	1	0	4	0	1030	2014-07-31	6625	\N	1050	\N	Custom Arquebus
3030031	Helnar (Summer)	ヘルナル	4	4	1	1	4	2	1030	2014-08-14	5920	\N	1300	\N	Skirt Chaser
3030032	Ferry	フェリ	4	4	1	4	4	2	1000	2014-08-14	5740	\N	1035	\N	Soul Edge
3030033	Lucius	ルシウス	4	5	1	5	0	0	1000	2014-08-31	7310	8760	1040	1250	Purity Blade
3030034	Teena	ティナ	4	5	1	0	3	0	1000	2014-08-31	5000	6460	1375	1650	Soulbond Dirk
3030035	Feena (Event)	フィーナ	4	4	1	1	1	0	\N	2014-08-31	5200	\N	960	\N	\N
3030036	Arusha	アルシャ	4	4	1	4	1	2	1000	2014-09-12	5625	\N	1125	\N	Aerial Cane
3030037	Farrah (SR)	ファラ	4	4	1	2	1	0	1000	2014-09-30	6380	\N	1230	\N	Sword of Lisblanc
3030038	Juri (Event)	ユーリ	4	4	1	2	1	0	\N	2014-09-30	5100	\N	980	\N	\N
3030039	Noa	ノア	4	5	1	4	4	4	1000	2014-11-14	6250	7500	1000	1200	Wind-Rhyme Staff
3030040	Uzuki Shimamura	島村卯月	4	5	1	4	1	0	\N	2014-10-13	4600	5770	1080	1400	\N
3030041	Rin Shibuya	渋谷凛	4	5	1	3	0	0	\N	2014-10-13	5600	7080	880	1060	\N
3030042	Ange (Halloween)	アンジェ	4	4	1	5	0	0	1040	2014-10-21	7500	\N	1000	\N	Dracula Harp
3030043	Mimlemel	ミムルメモル	4	4	1	1	4	3	1000	2014-10-31	6570	\N	900	\N	Tiger Fang
3030044	Aster (Event)	アステール	4	4	1	1	1	2	\N	2014-10-31	4500	\N	720	\N	\N
3030045	Mariah	マライア	4	4	1	2	0	0	1000	2014-11-14	7190	\N	1070	\N	Flare Glaive
3030046	Carren	カレン	4	4	1	0	1	0	1000	2014-11-30	6500	\N	1190	\N	Ember Blade
3030047	Vane (Event)	ヴェイン	4	4	1	3	2	0	\N	2014-11-30	4350	\N	1360	\N	\N
3030048	Rackam (Holiday)	ラカム	4	4	1	2	4	0	1020	2014-12-16	6500	\N	1050	\N	Holy Harp
3030049	Rosamia (SR)	ロザミア	4	4	1	4	1	0	1000	2014-12-31	6000	\N	1300	\N	Soothing Torch
3030050	Johann (Event)	ヨハン	4	4	1	4	3	0	\N	2014-12-31	4150	\N	1090	\N	\N
3030051	Mika Jougasaki	城ヶ崎美嘉	4	5	1	5	4	0	\N	2015-01-09	5500	6600	800	960	\N
3030052	Mio Honda	本田未央	4	5	1	0	1	0	\N	2015-01-09	4980	6230	1010	1320	\N
3030053	Baotorda	バウタオーダ	4	4	1	4	2	1	1000	2015-01-22	6200	\N	1650	\N	Arondight
3030054	Rita	リタ	4	5	1	5	4	0	\N	2015-01-28	6380	7660	1100	1320	\N
3030055	Ladiva	ファスティバ	4	4	1	2	0	1	1000	2015-01-31	7850	\N	1100	\N	Metal Glove
3030056	Volenna (Event)	ボレミア	4	4	1	2	2	0	\N	2015-01-31	4500	\N	1100	\N	\N
3030057	Claudia	クラウディア	4	4	1	2	0	0	1000	2015-02-13	7250	\N	1130	\N	Golden Mop
3030058	Dorothy	ドロシー	4	4	1	0	4	0	1000	2015-02-13	6630	\N	1110	\N	Cup and Saucer
3030059	Zaja	ザザ	4	4	1	5	2	1	1000	2015-02-28	5920	\N	1450	\N	Voulge
3030060	Zehek (Event)	ゼヘク	4	4	1	5	1	0	\N	2015-02-28	4400	\N	1000	\N	\N
3030061	Ejaeli	エジェリー	4	5	1	3	1	0	1000	2015-03-17	6250	7500	1250	1500	Aquarium Harp
3030062	Therese	テレーズ	4	4	1	0	1	0	1000	2015-03-31	6250	\N	1250	\N	Tanzanite Sword Mikoh
3030063	Sarya (Event)	サーヤ	4	4	1	0	4	1	\N	2015-03-31	5780	\N	840	\N	\N
3030064	Milleore	ミラオル	4	4	1	3	1	3	1000	2015-04-16	6570	\N	1130	\N	Ice Bow
3030065	Amira (Promo)	アーミラ	4	5	1	4	0	5	\N	2015-05-27	7000	8200	1200	1640	\N
3030066	Hazen (SR)	ヘイゼン	4	4	1	1	3	0	1000	2015-04-30	5000	\N	1300	\N	Merciless Chastening
3030067	Syr (Event)	スィール	4	4	1	1	4	0	\N	2015-04-30	5250	\N	850	\N	\N
3030068	Mary (SR)	マリー	4	4	1	0	1	0	1000	2015-06-26	6200	\N	1200	\N	Fire Piece
3030069	Mizuki Kawashima	川島瑞樹	4	4	1	3	3	0	\N	2015-05-11	4860	\N	1030	\N	\N
3030070	Miku Maekawa	前川みく	4	4	1	1	0	0	\N	2015-05-11	5839	\N	839	\N	\N
3030071	Anzu Futaba	双葉杏	4	5	1	2	4	0	\N	2015-05-11	5150	6180	910	1100	\N
3030072	Lecia	リーシャ	3	3	1	1	1	0	\N	2015-06-16	5250	\N	1050	\N	\N
3030073	Pengy (Event)	ペンギー	4	4	1	3	2	0	\N	2015-09-17	3500	\N	3500	\N	Monochrome Crackerjack
3030074	Ceylan (Event)	セイラン	4	4	1	4	3	2	\N	2015-09-17	4050	\N	990	\N	Loupe Rod
3030075	J.J.	Ｊ・Ｊ	4	4	1	4	4	0	1000	2015-05-25	5750	\N	1150	\N	Misanga Bracelet
3030076	Sahli Lao	ザーリリャオー	4	4	1	3	1	3	1000	2015-05-31	6320	\N	1180	\N	Quarrel
3030077	Romeo (Event)	ロミオ	4	4	1	3	1	0	\N	2015-05-31	4900	\N	1020	\N	\N
3030078	Feather (SR)	フェザー	4	5	1	4	0	0	1000	2015-06-30	7250	8700	1050	1260	Heavy Blast Knuckles
3030079	Robomi (Event)	ロボミ	4	4	1	4	4	5	\N	2015-06-30	4250	\N	1350	\N	\N
3030080	Milla Maxwell	ミラ＝マクスウェル	4	4	1	0	0	5	\N	2015-07-10	5250	\N	1030	\N	\N
3030081	Yuri Lowell	ユーリ・ローウェル	4	4	1	5	0	0	\N	2015-07-10	6180	\N	830	\N	\N
3030082	Sophie	ソフィ	4	4	1	4	0	5	\N	2015-07-10	5570	\N	980	\N	\N
3030083	Elmott (Summer)	エルモート	4	4	1	0	0	2	1030	2015-07-14	6750	\N	900	\N	Deathly Arson
3030084	Tanya (Summer)	ターニャ	4	4	1	5	1	0	1030	2015-07-14	6000	\N	1290	\N	Shade Knife
3030085	Eugen (Summer)	オイゲン	4	4	1	2	0	0	1030	2015-07-31	6820	\N	930	\N	Desert Arms
3030086	Jin (Ronin)	ジン	4	4	1	2	0	0	\N	2015-07-31	6000	\N	700	\N	\N
3030087	Lecia (Summer)	リーシャ	4	4	1	1	1	0	1030	2015-08-07	6570	\N	1320	\N	Pirate Sword
3030088	Rika Jougasaki	城ヶ崎莉嘉	4	5	1	0	0	0	\N	2015-08-22	6000	7200	800	960	\N
3030089	Kanako Mimura	三村かな子	4	4	1	2	3	0	\N	2015-08-22	4000	\N	1250	\N	\N
3030090	Koume Shirasaka	白坂小梅	4	4	1	5	4	0	\N	2015-08-22	5500	\N	800	\N	\N
3030091	Suframare (Summer)	スフラマール	4	4	1	3	4	3	1030	2015-08-14	7230	\N	900	\N	Sunshade Parasol
3030092	Will (SR)	ウィル	4	5	1	5	1	0	1000	2015-08-31	6580	7900	1190	1430	Cursed Cane
3030093	Malinda (Event)	ベス	4	4	1	6	1	5	\N	2015-08-31	3900	\N	860	\N	\N
3030094	Galadar (SR)	ガラドア	4	4	1	2	2	1	1000	2015-09-22	5920	\N	1580	\N	Great Hammer
3030095	Anna (SR)	アンナ	4	4	1	0	0	0	1000	2015-09-30	7500	\N	1000	\N	Witch's Broom
3030096	Naoise (Event)	ノイシュ	4	5	1	0	2	0	\N	2015-09-30	4500	5400	1200	1440	\N
3030097	Teru Tendo	天道輝	4	4	1	0	0	0	\N	2015-10-07	5900	\N	850	\N	\N
3030098	Kaoru Sakuraba	桜庭薫	4	4	1	3	4	0	\N	2015-10-07	5100	\N	920	\N	\N
3030099	Tsubasa Kashiwagi	柏木翼	4	4	1	1	1	0	\N	2015-10-07	5350	\N	900	\N	\N
3030100	Goblin Mage	ミニゴブ	4	4	1	1	4	5	1000	2015-10-14	5640	\N	1320	\N	Shadow Scepter
3030101	Ferry (Halloween)	フェリ	4	4	1	4	4	2	1040	2015-10-23	5740	\N	1035	\N	Aura Whip
3030102	Jasmine (SR)	ジャスミン	4	4	1	2	3	0	1000	2015-10-31	5020	\N	1370	\N	Flower Crown
3030103	Farrah (Event)	ファラ	4	4	1	1	2	0	\N	2015-10-31	4150	\N	1200	\N	\N
3030104	Ryu	リュウ	4	4	1	1	0	0	\N	2015-11-13	5400	\N	1000	\N	\N
3030105	Chun-Li	春麗	4	4	1	3	0	0	\N	2015-11-13	4050	\N	1090	\N	\N
3030106	Sig	シグ	4	4	1	3	0	0	1000	2015-11-19	7200	\N	1060	\N	Titanium Harpoon
3030107	Vane	ヴェイン	4	4	1	3	2	0	1000	2015-12-02	5800	\N	1470	\N	Raging Halberd
3030108	Lancelot (Event)	ランスロット	4	4	1	3	0	0	\N	2015-11-30	5700	\N	830	\N	\N
3030109	Ladiva (Holiday)	ファスティバ	4	4	1	4	0	1	1020	2015-12-19	7850	\N	1100	\N	Holy Glove
3030110	Anila (Event)	アニラ	4	4	1	0	4	1	\N	2015-12-26	5760	\N	845	\N	\N
3030111	Yaia	ヤイア	4	5	1	2	4	1	1000	2015-12-31	5500	6600	1515	1815	Frying Pan
3030112	Skull (Event)	スカル	4	4	1	2	0	3	\N	2015-12-31	6150	\N	720	\N	\N
3030113	Sutera (Fire)	スーテラ	4	4	1	0	2	2	1000	2016-01-15	5750	\N	1320	\N	Glass Bow
3030114	Lina	リナ＝インバース	4	4	1	0	1	0	\N	2016-01-22	5000	\N	1000	\N	\N
3030115	Naga	白蛇のナーガ	4	4	1	3	1	0	\N	2016-01-22	5000	\N	1000	\N	\N
3030116	Daetta (SR)	ダエッタ	4	4	1	4	0	1	1000	2016-01-31	7800	\N	1150	\N	Golden Woofer
3030117	Soriz (Event)	ソリッズ	4	4	1	4	2	0	\N	2016-01-31	4750	\N	1150	\N	\N
3030118	Sevilbarra	サビルバラ	4	4	1	1	0	3	1000	2016-02-18	7400	\N	1000	\N	Zanbato
3030119	Ryan (SR)	ライアン	4	4	1	0	0	0	1000	2016-02-29	7400	\N	1100	\N	Massive Axe
3030120	Sachiko Koshimizu	輿水幸子	4	4	1	4	4	0	\N	2016-03-11	5500	\N	800	\N	\N
3030121	Airi Totoki	十時愛梨	4	4	1	2	2	0	\N	2016-03-11	4500	\N	1200	\N	\N
3030122	Redluck	レッドラック	4	4	1	2	4	1	1000	2016-03-18	7230	\N	1050	\N	Giant Fork
3030123	Lowain (Event)	ローアイン	4	5	1	3	4	2	\N	2016-03-31	4500	5400	950	1140	\N
3030124	Shao	シャオ	4	5	1	5	4	2	1000	2016-04-04	5350	6420	1070	1710	Scalpel
3030125	Karin	神月かりん	4	4	1	0	0	0	\N	2016-04-15	5500	\N	900	\N	\N
3030126	Rashid	ラシード	4	4	1	1	0	0	\N	2016-04-15	5450	\N	950	\N	\N
3030127	Sen	セン	4	4	1	0	0	2	1000	2016-04-20	6750	\N	900	\N	Crimson Talons
3030128	Eso (SR)	エシオ	4	4	1	1	1	0	1000	2016-05-02	6400	\N	1220	\N	Cloud Tomahawk
3030129	Stan (Event)	スタン	4	4	1	5	1	2	\N	2016-05-02	4750	\N	850	\N	\N
3030130	Sakura Shinguji	真宮寺さくら	4	4	1	1	1	0	\N	2016-05-13	5000	\N	1000	\N	\N
3030131	Erica Fontaine	エリカ・フォンティーヌ	4	4	1	4	3	0	\N	2016-05-13	4000	\N	1100	\N	\N
3030132	Gemini Sunrise	ジェミニ・サンライズ	4	4	1	0	0	0	\N	2016-05-13	6000	\N	800	\N	\N
3030133	Laguna	ラグナ	4	4	1	2	4	1	1000	2016-05-18	7560	\N	1240	\N	Dreadflayer
3030134	Jamil	ジャミル	4	4	1	2	4	0	1000	2016-05-31	6650	\N	1170	\N	Shrike's Beak
3030135	Morphe and Phoebe (Event)	モルフェとヴェトル	4	4	1	3	4	5	\N	2016-05-31	4000	\N	1200	\N	\N
3030136	Stahn Aileron	スタン・エルロン	4	4	1	0	0	0	\N	2016-06-13	6180	\N	830	\N	\N
3030137	Tear Grants	ティア・グランツ	4	4	1	4	1	0	\N	2016-06-13	4750	\N	1050	\N	\N
3030138	Elize Lutus	エリーゼ・ルタス	4	4	1	5	4	0	\N	2016-06-13	5450	\N	810	\N	\N
3030139	Almeida	アルメイダ	4	4	1	2	0	1	1000	2016-06-16	7800	\N	1100	\N	Fremel Hammer
3030140	Johann	ヨハン	4	4	1	4	3	0	1000	2016-06-30	5000	\N	1380	\N	Sacred Codex
3030141	Nicholas (Event)	シロウ	4	4	1	4	1	0	\N	2016-06-30	5000	\N	1000	\N	\N
3030142	Novei	ナーヴェ	4	4	1	4	4	0	\N	2016-08-12	5000	\N	900	\N	\N
3030143	Augusta	アウフスタ	4	4	1	2	4	1	\N	2016-09-18	5000	\N	900	\N	\N
3030144	Robertina	ロベルティナ	4	4	1	1	4	3	\N	2016-10-01	5000	\N	900	\N	\N
3030145	Pamela	パメラ	4	4	1	3	4	0	\N	2016-12-24	5000	\N	900	\N	\N
3030146	Cecile	セシール	4	4	1	0	4	2	\N	2017-01-07	5000	\N	900	\N	\N
3030147	Sara (Summer)	サラ	4	4	1	2	2	0	1030	2016-07-15	5600	\N	1510	\N	Ripple Harp
3030149	J.J. (Summer)	Ｊ・Ｊ	4	4	1	2	4	0	1030	2016-07-27	5750	\N	1450	\N	Silver Rings
3030150	Diantha (Promo)	ディアンサ	4	4	1	3	4	0	\N	2016-07-31	5000	\N	900	\N	Resonating Wand
3030151	Jin (Wind)	ジン	4	4	1	1	1	0	\N	2016-07-31	5500	\N	900	\N	\N
3030152	Camieux (Summer)	クムユ	4	4	1	3	4	1	1030	2016-08-04	7480	\N	1000	\N	Water Balloons
3030153	Pengy	ペンギー	4	4	1	3	2	0	1000	2016-08-31	3750	\N	2000	\N	Colorful Crackerjack
3030154	Barawa (Event)	バロワ	4	4	1	0	0	1	\N	2016-08-31	6300	\N	840	\N	\N
3030155	Cucouroux	ククル	4	4	1	0	0	0	1000	2016-09-15	7800	\N	940	\N	Dolphin
3030156	Dante (SR)	ダーント	4	4	1	0	0	0	1000	2016-09-30	7500	\N	1000	\N	Nature's Mystery
3030157	Paris (Event)	パリス	4	4	1	2	2	0	\N	2016-09-30	4500	\N	1200	\N	\N
3030159	Jessica	ジェシカ	4	4	1	2	4	0	1000	2016-10-14	6380	\N	1180	\N	Handy Arquebus
3030160	Anastasia	アナスタシア	4	4	1	3	0	0	\N	2016-10-14	5700	\N	860	\N	\N
3030161	Miria Akagi	赤城みりあ	4	4	1	0	4	0	\N	2016-10-14	5150	\N	850	\N	\N
3030162	Ranko Kanzaki	神崎蘭子	4	4	1	5	0	0	\N	2016-10-14	6400	\N	750	\N	\N
3030163	Beatrix (Halloween)	ベアトリクス	4	4	1	0	4	0	1040	2016-10-24	6580	\N	1120	\N	Delta Apex
3030164	Erin	エリン	4	4	1	3	3	5	1000	2016-10-31	4800	\N	1420	\N	Ice Bough Staff
3030165	Lily (Event)	リリィ	4	4	1	3	3	5	\N	2016-11-01	3800	\N	1140	\N	\N
3030166	Mimlemel and Stumpeye	ミムルメモル＆切り株	4	4	1	1	0	3	1000	2016-11-18	8130	\N	850	\N	White Flag
3030167	Tanya (SR)	ターニャ	4	4	1	5	0	0	1000	2016-11-30	7500	\N	1000	\N	Wyrm Claw
3030168	Percival (Event)	パーシヴァル	4	4	1	0	0	0	\N	2016-11-30	6000	\N	800	\N	\N
3030169	Sen (Holiday)	セン	4	4	1	1	0	2	1020	2016-12-19	6850	\N	880	\N	White Talons
3030170	Andira (Event)	アンチラ	4	4	1	1	1	2	\N	2016-12-26	4600	\N	880	\N	\N
3030171	Lucius (Fire)	ルシウス	4	4	1	0	0	0	1000	2016-12-31	7500	\N	1000	\N	Wandering Blade
3030172	Meteon (Event)	ミュオン	4	5	1	1	4	0	\N	2016-12-31	5500	6600	800	960	\N
3030173	Haohmaru	覇王丸	4	4	1	1	0	0	\N	2017-01-13	5600	\N	900	\N	\N
3030174	Nakoruru	ナコルル	4	4	1	4	0	0	\N	2017-01-13	6200	\N	760	\N	\N
3030175	Herja (SR)	ヘリヤ	4	4	1	2	1	0	1000	2017-01-20	6450	\N	1210	\N	Grand Edge
3030176	Mina	マイム	4	4	1	3	1	0	1000	2017-01-31	6300	\N	1240	\N	Aquablade
3030177	Albert (Event)	アルベール	4	4	1	4	1	0	\N	2017-01-31	3150	\N	1240	\N	\N
3030178	Jin (Summer)	ジン	4	4	1	2	3	0	1030	2017-02-13	4050	\N	1580	\N	Tyrian Tiger Blade
3030179	Arisa	アリサ	4	4	1	1	1	5	\N	2017-02-22	4200	\N	1100	\N	\N
3030180	Luna	ルナ	4	4	1	5	4	0	\N	2017-02-22	5800	\N	750	\N	\N
3030181	Tyre	タイアー	4	4	1	1	4	0	1000	2017-02-28	6730	\N	1050	\N	Standard Albion Bolt
3030182	Lyria (Event)	ルリア	4	4	1	6	4	0	\N	2017-03-01	4400	\N	640	\N	\N
3030183	Vermeil (SR)	ヴェリトール	4	4	1	4	1	3	1000	2017-03-20	6570	\N	1130	\N	True Teardrop
3030184	Cain	カイン	4	4	1	2	4	0	\N	2017-05-29	6630	\N	1050	\N	\N
3030185	Ludmila	ルドミリア	4	4	1	5	0	3	1000	2017-03-31	7980	\N	880	\N	Hunter's Rifle
3030186	Lamretta (Water)	ラムレッダ	4	4	1	3	4	1	1000	2017-04-18	7040	\N	1040	\N	Bottle o' Blossoms
3030187	Sutera (Event)	スーテラ	4	4	1	0	1	2	\N	2017-04-01	5930	\N	1180	\N	\N
3030188	Deliford (SR)	デリフォード	4	4	1	5	2	0	1000	2017-04-30	4830	\N	1330	\N	Brocken Lance
3030189	Cagliostro (Event)	カリオストロ	4	4	1	5	3	0	\N	2017-04-30	4980	\N	1005	\N	\N
3030190	Predator	プレデター	4	4	1	5	0	0	1000	2017-05-19	2700	\N	960	\N	Cruel Claw
3030191	Sevastien	セワスチアン	4	4	1	1	1	2	1000	2017-05-31	5700	\N	1100	\N	Holy Axe
3030192	Charlotta (Event)	シャルロッテ	4	4	1	1	2	3	\N	2017-05-31	4425	\N	1140	\N	\N
3030193	Minami Nitta	新田美波	4	4	1	3	1	0	\N	2017-06-09	4800	\N	1050	\N	\N
3030194	Shiki Ichinose	一ノ瀬志希	4	4	1	1	4	0	\N	2017-06-09	4900	\N	1900	\N	\N
3030195	Jeanne d'Arc (SR)	ジャンヌダルク	4	4	1	4	4	0	1000	2017-06-19	6750	\N	1025	\N	Lance d'Espoir
3030196	Jamil (Dark)	ジャミル	4	4	1	5	0	0	1000	2017-06-30	7700	\N	906	\N	Katzbalger
3030197	Walder (Event)	ウェルダー	4	5	1	2	4	0	\N	2017-06-30	5100	6100	1020	1225	\N
3030198	Charlotta (Summer)	シャルロッテ	4	4	1	3	1	3	1030	2017-07-31	6510	\N	1135	\N	Floaty Sword
3030199	Ayer (Summer)	アイル	4	4	1	2	0	0	1030	2017-07-31	7650	\N	970	\N	Tropical Punch
3030200	Carren (Event)	カレン	4	4	1	0	0	0	\N	2017-07-31	6685	\N	690	\N	\N
3030201	Ghandagoza (Summer)	ガンダゴウザ	4	4	1	0	0	1	1030	2017-08-15	8000	\N	900	\N	Rope Knuckles
3030202	Chloe (Summer)	クロエ	4	4	1	1	4	2	1030	2017-08-15	6200	\N	500	\N	Seaside Memory
3030203	Blazing Teacher Elmott	炎獄先生エルモート	4	4	1	0	1	2	1000	2017-08-31	5950	\N	1060	\N	Arson Link
3030204	Grea (Event)	グレア	4	4	1	0	0	5	\N	2017-08-31	6600	\N	710	\N	\N
3030205	Izuminokami Kanesada	和泉守兼定	4	4	1	0	0	5	\N	2017-09-09	6250	\N	750	\N	\N
3030206	Yamanbagiri Kunihiro	山姥切国広	4	4	1	2	4	5	\N	2017-09-09	5200	\N	880	\N	\N
3030207	Owen	オーウェン	4	4	1	3	1	0	1000	2017-09-14	3100	\N	1260	\N	Sword of Sorcery
3030208	Reinhardtzar	ラインハルザ	4	4	1	0	0	1	\N	2017-11-27	7007	\N	800	\N	\N
3030209	Sarya	サーヤ	4	4	1	4	4	1	1000	2017-09-30	7310	\N	1150	\N	Slingshot
3030210	Ezecrain (Event)	エゼクレイン	4	4	1	4	4	0	\N	2017-09-30	5900	\N	715	\N	\N
3030220	Mimlemel and Pun-Kin (Halloween)	ミムルメモル＆パンプキン	4	4	1	2	0	3	1040	2017-10-23	8290	\N	820	\N	Heavy-Duty Pumpkins
3030221	Vania (SR)	ヴァンピィ	4	4	1	5	4	5	1000	2017-10-17	7630	\N	945	\N	Vampire's Nail
3030222	Karteira (SR)	カルテイラ	4	4	1	1	4	2	1000	2017-10-31	4650	\N	1390	\N	Silver Fan
3030223	Yuel (Event)	ユエル	4	4	1	3	1	2	\N	2017-10-31	4700	\N	1180	\N	\N
3030224	Mirin	ミリン	4	5	1	1	0	0	1000	2017-11-17	7900	9600	900	1050	Unsigned Blade
3030225	Sophia (SR)	ソフィア	4	4	1	4	3	0	1000	2017-11-30	4950	\N	1600	\N	Staff of the Star Seeker
3030226	Arthur (Event)	アーサー	4	4	1	1	1	0	\N	2017-11-30	5100	\N	980	\N	\N
3030227	Mikasa	ミカサ	4	4	1	1	0	0	\N	2017-12-08	5960	\N	810	\N	\N
3030228	Feena (Holiday)	フィーナ	4	4	1	4	0	0	1020	2017-12-15	8050	\N	840	\N	Winter Wonderbow
3030229	Mahira (Event)	マキラ	4	4	1	2	4	3	\N	2017-12-28	6470	\N	1050	\N	\N
3030230	Karva (SR)	カルバ	4	4	1	0	4	1	1000	2017-12-31	6460	\N	1210	\N	Signal Flare
3030231	Zeta (Event)	ゼタ	4	4	1	4	0	0	\N	2017-12-31	6350	\N	750	\N	\N
3030232	Ippatsu (SR)	イッパツ	4	4	1	0	4	0	1000	2018-01-16	6500	\N	1075	\N	Red-Hot Noodles
3030233	Zooey (Event)	ゾーイ	4	4	1	0	4	4	\N	2018-01-31	5150	\N	870	\N	\N
3030234	Randall (SR)	ランドル	4	4	1	5	0	0	1000	2018-01-31	7950	\N	910	\N	Silver Shotel
3030235	Narmaya (Valentine)	ナルメア	4	4	1	5	0	1	1010	2018-02-14	8214	\N	1004	\N	Confection Cutter
3030236	Teena (Valentine)	ティナ	4	4	1	0	1	0	1010	2018-02-14	6250	\N	1250	\N	Scarlet Oath
3030237	Nezahualpilli (SR)	ネツァワルピリ	4	4	1	2	0	0	1000	2018-02-28	8160	\N	880	\N	Tughril
3030238	Tōru Amuro	安室透	4	4	1	1	0	0	\N	2018-04-14	5300	\N	925	\N	\N
3030239	Barawa (SR)	バロワ	4	4	1	4	0	1	1000	2018-04-17	7760	\N	1080	\N	Crocskin Glove
3030240	Carmelina (SR)	カルメリーナ	4	4	1	2	4	1	1000	2018-04-30	6880	\N	1040	\N	Sudarshana
3030241	Leona	レオナ	4	4	1	2	0	0	1000	2018-05-21	6650	\N	1260	\N	Serpentine Longspear
3030242	Aliza (Water)	アリーザ	4	4	1	3	0	1	\N	2018-04-30	6490	\N	810	\N	\N
3030243	Vanzza (SR)	ヴァンツァ	4	4	1	2	0	1	1000	2018-06-18	8630	\N	900	\N	Mythril Tonfa
3030244	Elta (Light)	エルタ	4	4	1	4	4	0	1000	2018-06-30	6620	\N	1051	\N	Humming Bard
3030245	Yuisis (Yukata)	ユイシス	4	4	1	1	1	2	1030	2018-07-18	5030	\N	1250	\N	Summer Souteyrand
3030246	Olivia (Event)	オリヴィエ	4	4	1	5	1	4	\N	2018-07-31	5300	\N	1200	\N	\N
3030247	Lilele (Summer)	リルル	4	4	1	3	4	3	1030	2018-07-31	7230	\N	900	\N	Summer Beach Sphere
3030248	Farrah (Summer)	ファラ	4	4	1	3	0	0	1030	2018-08-04	7000	\N	1100	\N	Macuahuitl
3030249	Arulumaya (Yukata)	アルルメイヤ	4	4	1	5	4	3	1030	2018-08-04	6970	\N	950	\N	Summer Night Peak
3030250	Almeida (Summer)	アルメイダ	4	4	1	2	0	1	1030	2018-08-14	8050	\N	1050	\N	Gold-Plated Fremel
3030251	Cailana (SR)	カイラナ	4	4	1	3	0	2	1000	2018-08-31	6850	\N	880	\N	Epoxy Boogie Plates
3030252	The Lowain Bros	チーム・ローアイン	4	4	1	2	4	2	1000	2018-09-16	7000	\N	770	\N	Macho Hunter Weapon
3030253	Juri	ユーリ	4	4	1	1	0	0	1000	2018-09-30	7650	\N	970	\N	Kilij
3030254	Feather (Halloween)	フェザー	4	4	1	5	0	0	1040	2018-10-17	7200	\N	1100	\N	Phantom Gauntlet
3030255	Arthur and Mordred	ひよこ班 アーサー&モルドレッド	4	4	1	1	1	0	1000	2018-10-31	6300	\N	1100	\N	Balisarde
3030256	Rosine (SR)	ロジーヌ	4	4	1	0	3	0	1000	2018-11-15	5900	\N	1200	\N	Time-Tested Iron
3030257	Razia (SR)	ラスティナ	4	4	1	2	2	1	1000	2018-11-30	6150	\N	1660	\N	Divine Spear
3030258	Sevilbarra (Event)	サビルバラ	4	4	1	4	0	3	\N	2018-11-30	6500	\N	680	\N	\N
3030259	Yaia (Holiday)	ヤイア	4	4	1	1	4	1	1020	2018-12-17	6730	\N	1150	\N	Festive Frying Pan
3030261	Beatrix (SR)	ベアトリクス	4	4	1	2	0	0	1000	2018-12-31	7550	\N	940	\N	Prideful Sword
3030262	Cassius (Event)	カシウス	4	4	1	5	1	5	\N	2018-12-31	6600	\N	1200	\N	\N
3030263	Skull	スカル	4	4	1	5	0	3	1000	2019-01-17	7950	\N	885	\N	Genius Squared
3030264	Catherine (SR)	キャサリン	4	4	1	2	4	2	1000	2019-01-31	7970	\N	1150	\N	Demitasse
3030265	Mirin (Light)	ミリン	4	4	1	4	0	0	1000	2019-02-28	7320	\N	1036	\N	Samurai Sword
3030266	Korwa (SR)	コルワ	4	4	1	1	1	2	1000	2019-03-31	5700	\N	1110	\N	Jeunesse
3030267	Richard (SR)	リチャード	4	4	1	5	4	0	1000	2019-04-30	6777	\N	1020	\N	Goldie
3030268	Aster	アステール	4	4	1	0	4	2	1000	2019-05-18	5688	\N	1000	\N	Mythril Bolt
3030269	Bridgette and Cordelia	ノーブルナイツ ブリジール＆コーデリア	4	4	1	4	1	3	1000	2019-05-31	6300	\N	1240	\N	Lumiel Banner
3030270	Philosophia (SR)	フィラソピラ	4	4	1	4	4	3	1000	2019-06-19	6600	\N	1100	\N	Staff of Refusal
3030271	Friday (Summer)	フライデー	4	4	1	0	1	0	1030	2019-07-17	6250	\N	1250	\N	Premium Sword
3030272	Lancelot and Vane (Summer)	白竜の双騎士 ランスロット＆ヴェイン	4	4	1	2	2	0	1030	2019-07-31	2320	\N	1680	\N	Knight's Beach Banner
3030273	Cassius (Yukata)	カシウス	4	4	1	0	1	5	1030	2019-08-06	6850	\N	1150	\N	Cotton Candy
3030274	Leona (Yukata)	レオナ	4	4	1	3	0	0	1030	2019-08-15	7700	\N	960	\N	Liuyedao
3030275	La Coiffe (SR)	コワフュール	4	4	1	2	3	2	1000	2019-09-30	4250	\N	1500	\N	Lilac Comb
3030276	Zaja (Halloween)	ザザ	4	4	1	2	2	1	1040	2019-10-16	5320	\N	1750	\N	Horrible Voulge
3030277	You (Event)	ヨウ	4	4	1	5	0	2	\N	2019-10-31	5400	\N	720	\N	\N
3030278	Krugne (SR)	クルーニ	4	4	1	1	4	2	1000	2019-11-16	6500	\N	750	\N	Cube Staff
3030279	Kumbhira (Event)	クビラ	4	4	1	4	0	1	\N	2019-12-23	7000	\N	800	\N	\N
3030280	Joy (Event)	ジョイ	4	4	1	1	4	5	\N	2019-12-28	6000	\N	108	\N	\N
3030290	Meg (Event)	メグ	4	4	1	5	0	0	\N	2020-07-29	7550	\N	990	\N	\N
3030300	Tyre (Yukata)	タイアー	4	4	1	4	1	0	1030	2020-07-31	6250	\N	1250	\N	Impassioned Rose
3030310	Ferry (Summer)	フェリ	4	4	1	0	4	2	1030	2020-08-09	6200	\N	920	\N	Flame Lit Curl
3030320	Joel (SR)	ジョエル	4	4	1	3	3	0	1000	2020-08-31	4900	\N	1395	\N	Lifeguard Glove
3030321	Wulf and Renie (Halloween)	ウーフとレニー	4	4	1	5	2	5	1040	2020-10-17	4990	\N	1800	\N	Little Master Key
3040000	Gawain	ガウェイン	4	5	2	1	2	0	1000	2014-04-24	7200	8550	1760	2110	Windflash
3040001	Altair	アルタイル	4	5	2	3	1	0	1000	2014-05-08	8000	9500	1600	1900	Dainsleif
3040002	Aletheia	アレーティア	4	4	2	2	0	0	1000	2014-04-16	9200	\N	1360	\N	Greatsword Andalius
3040003	Nezahualpilli	ネツァワルピリ	4	5	2	1	0	0	1000	2014-03-10	9600	11400	1280	1520	Pilum
3040004	De La Fille	レ・フィーエ	4	5	2	4	3	0	1000	2014-03-10	6400	7600	1600	1900	Kerykeion
3040005	Lady Grey	レディ・グレイ	4	5	2	5	4	0	1000	2014-03-10	9000	10680	1400	1520	Ukonvasara
3040006	Yuel	ユエル	4	5	2	0	1	2	1000	2014-04-30	7200	8550	1680	2000	Scarlet Crest Axe
3040007	Lily	リリィ	4	5	2	3	3	5	1000	2014-03-31	6500	7720	1580	1876	Ice Crystal Staff
3040008	Sarunan	サルナーン	4	5	2	4	4	2	1000	2014-05-23	8360	8450	1340	2110	Sealed Claustrum
3040009	Cagliostro	カリオストロ	4	5	2	2	3	0	1000	2014-05-31	7000	8310	1600	1900	Ouroboros
3040010	Charlotta	シャルロッテ	4	5	2	3	1	3	1000	2014-06-17	8400	9980	1450	1720	Claíomh Solais
3040011	Magisa	マギサ	4	5	2	0	4	0	1000	2014-06-22	8800	10450	1280	1520	Illusion Scepter
3040012	Metera	メーテラ	4	5	2	1	1	2	1000	2014-06-30	7300	8670	1450	1720	Aetherial Bow
3040013	Seruel	セルエル	4	5	2	4	0	2	1000	2014-07-16	8650	10260	1150	1365	Hrotti
3040014	De La Fille (Summer)	レ・フィーエ	4	4	2	4	3	0	1030	2014-07-31	6400	\N	1600	\N	Diamond Edge
3040015	Io (Summer)	イオ	4	4	2	0	0	0	1030	2014-08-14	9680	\N	1225	\N	Sunflower Wand
3040016	Cerberus	ケルベロス	4	4	2	5	4	4	1000	2014-08-31	7333	\N	1333	\N	Coco & Mimi
3040017	Agielba	アギエルバ	4	4	2	0	2	1	1000	2014-09-12	7920	\N	2110	\N	Thunder Dirk Jove
3040018	Christina	クリスティーナ	4	5	2	1	1	0	\N	2014-09-27	7777	9237	1650	1960	Jewel Modele
3040019	Arulumaya	アルルメイヤ	4	5	2	2	4	3	1000	2014-09-30	8400	9980	1160	1380	Gargantua
3040020	Charlotta (Halloween)	シャルロッテ	4	4	2	4	3	3	1040	2014-10-21	6720	\N	1590	\N	Jack-O'-Brand
3040021	Lennah	レナ	4	5	2	1	3	0	1000	2014-10-31	6560	7790	1570	2370	Far Away
3040022	Melleau	メルゥ	4	4	2	2	0	2	1000	2014-11-14	8640	\N	1160	\N	Vassago
3040023	Lancelot	ランスロット	4	5	2	3	0	0	1000	2014-11-30	9120	10830	1320	1570	Hoarfrost Blade Persius
3040024	Sophia	ソフィア	4	4	2	4	3	0	1000	2014-11-30	6160	\N	1830	\N	Ocean Harp
3040025	Siegfried	ジークフリート	4	5	2	2	4	0	1000	2015-01-31	8320	9880	1350	1610	Ascalon
3040026	Rosetta (Holiday)	ロゼッタ	4	4	2	5	3	4	1020	2014-12-16	7500	\N	2000	\N	Rosen Maiden
3040027	Anila	アニラ	4	5	2	0	1	1	1050	2014-12-31	8815	10415	1715	2015	Ramulus
3040028	Zeta	ゼタ	4	5	2	0	0	0	1000	2014-12-31	9600	11400	1280	1520	Brionac
3040029	Vaseraga	バザラガ	4	5	2	5	0	1	1000	2014-12-31	10560	12540	1410	1680	Mistilteinn
3040030	Anre	ウーノ	4	5	2	3	2	3	10	2014-12-25	8911	10411	1911	2311	\N
3040031	Tweyen	ソーン	4	5	2	4	1	0	10	2014-12-25	9522	11222	1822	2222	\N
3040032	Threo	サラーサ	4	5	2	2	0	1	10	2014-12-25	11333	13333	1533	1833	\N
3040033	Feower	カトル	4	5	2	3	4	2	10	2014-12-25	8844	10344	1344	1644	\N
3040034	Fif	フュンフ	4	5	2	4	3	3	10	2014-12-25	8055	9355	1855	2255	\N
3040035	Seox	シス	4	5	2	5	0	2	10	2014-12-25	6666	8666	1666	1966	\N
3040036	Seofon	シエテ	4	5	2	1	0	0	10	2014-12-25	10777	12777	1477	1777	\N
3040037	Eahta	オクトー	4	5	2	2	0	1	10	2014-12-25	10788	12888	1788	2088	\N
3040038	Niyon	ニオ	4	5	2	1	4	3	10	2014-12-25	10399	12199	1299	1599	\N
3040039	Tien	エッセル	4	5	2	0	1	2	10	2014-12-25	8200	10000	1600	2000	\N
3040040	Jeanne d'Arc	ジャンヌダルク	4	5	2	4	1	0	1000	2015-01-22	8290	9850	1550	1840	Caladbolg
3040041	Sara	サラ	4	4	2	2	2	0	1000	2015-01-31	7200	\N	2080	\N	Sandcastle Song-Lume
3040042	Carmelina	カルメリーナ	4	4	2	1	4	1	1000	2015-02-13	9240	\N	1350	\N	Turpin Spear
3040043	Vira (SSR)	ヴィーラ	4	5	2	5	0	0	1000	2015-02-28	8960	10640	1280	1520	Lyst Sin
3040044	Societte	ソシエ	4	4	2	3	4	2	1000	2015-03-17	7920	\N	1160	\N	Scarlet Vane
3040045	Albert	アルベール	4	5	2	4	0	0	1000	2015-03-31	4800	6080	1280	1520	Hauteclaire
3040046	Clarisse	クラリス	4	4	2	0	4	0	1000	2015-04-16	8480	\N	1380	\N	Mobius Strip
3040047	Petra (SSR)	ペトラ	4	4	2	1	1	0	1000	2015-04-30	7680	\N	1650	\N	Heaven's Cloud
3040048	Sarunan (Dark)	サルナーン	4	4	2	5	4	2	1000	2015-05-25	8360	\N	1340	\N	Kalaurops
3040049	Silva	シルヴァ	4	5	2	3	0	0	1000	2015-05-31	9250	10990	1350	1602	Vlisragna
3040050	Percival	パーシヴァル	4	5	2	0	0	0	1000	2015-06-26	9120	10830	1540	1830	Lohengrin
3040051	Amira	アーミラ	4	5	2	4	4	5	1000	2015-06-30	8650	10270	1470	1740	Dragon Slayer
3040052	Ghandagoza	ガンダゴウザ	4	5	2	0	0	1	1000	2015-07-14	10080	11970	1350	1610	Brahma Gauntlet
3040053	Vira (Summer)	ヴィーラ	4	4	2	2	4	0	1030	2015-07-31	8160	\N	1280	\N	Deep Desire
3040054	Katalina (Grand)	カタリナ	4	5	2	3	1	0	1600	2015-07-31	8100	9450	1980	2310	Murgleis
3040055	Danua (Summer)	ダヌア	4	4	2	5	4	1	1030	2015-08-07	8350	\N	1590	\N	Mikazuki
3040056	Zeta (Summer)	ゼタ	4	4	2	4	0	0	1030	2015-08-14	9600	\N	1280	\N	Cletine
3040057	Vania	ヴァンピィ	4	5	2	5	4	5	1000	2015-08-31	9160	10880	1170	1390	Azoth
3040058	Arriet	アンリエット	4	4	2	1	4	0	1000	2015-09-22	8750	\N	1300	\N	Cords of Heaven Lillah
3040059	Rackam (Grand)	ラカム	4	5	2	0	4	0	1600	2015-09-28	8000	9500	1600	1900	Benedia
3040060	Heles	ヘルエス	4	4	2	0	0	2	1000	2015-09-30	8640	\N	1150	\N	Luin
3040061	Feena	フィーナ	4	4	2	1	0	0	1000	2015-10-14	9400	\N	1320	\N	Heroic Bow
3040062	Cagliostro (Halloween)	カリオストロ	4	4	2	5	1	0	1040	2015-10-23	8100	\N	1550	\N	Ouroboros Treat
3040063	Narmaya	ナルメア	4	5	2	5	0	1	1000	2015-10-31	10240	12200	1120	1330	Venustas
3040064	Yodarha (SSR)	ヨダルラーハ	4	4	2	3	0	3	1000	2015-11-19	9580	\N	1150	\N	Fudo-Kuniyuki
3040065	Io (Grand)	イオ	4	5	2	4	1	0	1600	2015-11-30	7700	9140	1770	2100	Gambanteinn
3040066	Lilele	リルル	4	4	2	3	4	3	1000	2015-12-02	8200	\N	1500	\N	Melodic Sphere
3040067	Clarisse (Holiday)	クラリス	4	4	2	2	4	0	1020	2015-12-19	8800	\N	1280	\N	Snowy Mobius Strip
3040068	Rosetta (Grand)	ロゼッタ	4	4	2	1	4	4	1600	2015-12-29	7500	\N	2000	\N	Love Eternal
3040069	Eustace	ユーステス	4	4	2	2	0	2	1000	2015-12-31	8900	\N	1100	\N	Stratomizer
3040070	Beatrix	ベアトリクス	4	4	2	5	4	0	1000	2015-12-31	9250	\N	1300	\N	Gram
3040071	Andira	アンチラ	4	5	2	1	1	2	1050	2015-12-31	7560	8940	1400	1660	Dormius
3040072	Metera (Fire)	メーテラ	4	4	2	0	0	2	1000	2016-01-15	8400	\N	1200	\N	Roseate Aetherial Bow
3040073	Ferry (SSR)	フェリ	4	4	2	4	1	2	1000	2016-01-31	7450	\N	1420	\N	Ethereal Lasher
3040074	Catherine	キャサリン	4	4	2	2	4	2	1000	2016-02-18	8170	\N	1250	\N	Arsene
3040075	Zahlhamelina	ザルハメリナ	4	4	2	0	4	3	1000	2016-02-29	7560	\N	1510	\N	Starblaze Rings
3040076	Aoidos	アオイドス	4	5	2	0	4	0	1000	2016-02-29	8400	9980	1440	1710	Way Flyer
3040077	Eugen (Grand)	オイゲン	4	4	2	2	0	0	1600	2016-02-26	9900	\N	1400	\N	AK-4A
3040078	Zooey (Promo)	ゾーイ	4	4	2	4	1	4	\N	2016-04-06	7200	\N	1350	\N	\N
3040079	Hallessena	ハレゼナ	4	5	2	2	0	1	1000	2016-03-18	10080	11970	1350	1860	Soul Eater
3040080	Jeanne d'Arc (Dark)	ジャンヌダルク	4	4	2	5	0	0	1000	2016-04-04	9800	\N	1200	\N	Disparia
3040081	Korwa	コルワ	4	4	2	1	4	2	1000	2016-04-20	7000	\N	1520	\N	Wing of the Pure
3040082	Black Knight	黒騎士	4	5	2	5	0	0	1500	2016-04-28	10000	11850	1500	1780	Blutgang
3040083	Aliza	アリーザ	4	4	2	0	0	1	1000	2016-05-02	9830	\N	1400	\N	Magma Gauntlet
3040084	Ayer	アイル	4	5	2	2	4	0	1000	2016-05-18	8800	10450	1440	1710	Ancient Bandages
3040085	Nemone	ネモネ	4	4	2	2	0	2	1000	2016-05-31	8800	\N	1120	\N	Mettle
3040086	Forte	フォルテ	4	4	2	5	0	1	1000	2016-06-16	10130	\N	1340	\N	Skyrend Spear
3040087	Rosamia (SSR)	ロザミア	4	4	2	4	1	0	1000	2016-06-30	8000	\N	1600	\N	Twin Helix
3040088	Yngwie	イングヴェイ	4	5	2	3	2	0	1000	2016-07-15	7500	8900	1860	2210	Meteora
3040089	Narmaya (Summer)	ナルメア	4	4	2	3	0	1	1030	2016-07-31	10240	\N	1120	\N	Raikiri
3040090	Percival (Summer)	パーシヴァル	4	4	2	0	1	0	1030	2016-08-04	9120	\N	1540	\N	Antwerp
3040091	Heles (Summer)	ヘルエス	4	4	2	4	1	2	1030	2016-08-12	8640	\N	1150	\N	Crystal Luin
3040092	Zooey (Grand)	ゾーイ	4	4	2	5	4	4	1500	2016-08-18	9200	\N	1180	\N	Cute Ribbon
3040093	Chat Noir	シャノワール	4	4	2	3	4	0	1000	2016-08-31	8700	\N	1300	\N	Phantom Thief Blade
3040094	Veight	ヴァイト	4	4	2	5	0	5	1000	2016-09-15	9500	\N	1300	\N	Bloody Scar
3040095	Societte (Fire)	ソシエ	4	4	2	0	2	2	1000	2016-09-15	6470	\N	1730	\N	Blushing Blossom Pin
3040096	Juliet	ジュリエット	4	4	2	4	2	0	1000	2016-09-30	7200	\N	1920	\N	Capulet's Oath
3040098	Romeo	ロミオ	4	5	2	3	1	0	1000	2016-10-14	8500	10120	1500	1770	Montague's Oath
3040099	Eustace (Halloween)	ユーステス	4	4	2	2	0	2	1040	2016-10-24	8900	\N	1100	\N	Nightmare Mobilizer
3040100	Izmir	イシュミール	4	5	2	3	0	1	1000	2016-10-31	9980	11820	1370	1640	Nagelring
3040101	Lecia (Grand)	リーシャ	4	4	2	1	1	0	1600	2016-10-31	8500	\N	1900	\N	Reunion
3040102	Melissabelle	メリッサベル	4	4	2	1	0	3	1000	2016-11-18	10100	\N	1060	\N	Split End
3040103	Anthuria	アンスリア	4	4	2	0	4	2	1000	2016-11-30	7970	\N	1150	\N	Forbidden Inferno
3040104	Arulumaya (Holiday)	アルルメイヤ	4	4	2	3	4	3	1020	2016-12-19	8800	\N	1410	\N	Stardust Holly Rod
3040105	Yuisis	ユイシス	4	4	2	1	1	2	1000	2016-12-31	8000	\N	1300	\N	Yyrkoon
3040106	Lucio	ルシオ	4	4	2	4	1	5	1500	2016-12-29	7700	\N	1660	\N	Eden
3040107	Mahira	マキラ	4	5	2	2	4	3	1050	2016-12-31	8900	10160	1260	1770	Gallinarius
3040108	Marquiares	マルキアレス	4	4	2	5	4	3	1000	2017-01-20	9290	\N	1150	\N	Gridarvor
3040109	Razia	ラスティナ	4	4	2	2	2	1	1000	2017-01-31	7100	\N	2150	\N	Gae Derg
3040110	Beatrix (Summer)	ベアトリクス	4	4	2	0	4	0	1030	2017-02-13	11000	\N	990	\N	Delta Quartz
3040111	Orchid	オーキス	4	4	2	5	4	5	1500	2017-02-28	7300	\N	1650	\N	Parazonium
3040112	Zeta (Dark)	ゼタ	4	4	2	5	0	0	1000	2017-02-28	10400	\N	1020	\N	Sunspot Spear
3040113	De La Fille (Earth)	レ・フィーエ	4	4	2	2	3	0	1000	2017-03-20	5800	\N	1910	\N	Thyrsus
3040115	Sturm (Grand)	スツルム	4	4	2	0	0	1	1500	2017-03-31	11100	\N	1100	\N	Ixaba
3040116	Lady Katapillar and Vira	キャタピラとヴィーラ	4	4	2	3	4	5	1000	2017-03-31	8700	\N	1300	\N	Metal Hand
3040117	Vane (SSR)	ヴェイン	4	5	2	3	2	0	1000	2017-04-18	6960	8190	2180	2600	Blossom Axe
3040118	Katalina (Promo)	カタリナ	4	4	2	5	1	0	\N	2017-04-30	7330	\N	1540	\N	\N
3040119	Drang (Grand)	ドランク	4	4	2	3	4	2	1500	2017-04-30	7510	\N	1250	\N	Blue Sphere
3040120	Cagliostro (Dark)	カリオストロ	4	4	2	5	3	0	1000	2017-04-30	6370	\N	1805	\N	Black Ouroboros
3040121	Clarisse (Light)	クラリス	4	4	2	4	0	0	1000	2017-05-19	9500	\N	1300	\N	Fusion Mobius
3040122	Scathacha	スカーサハ	4	5	2	1	0	2	1000	2017-05-31	7150	8500	1610	1900	Deirdre's Claws
3040123	Medusa (Promo)	メドゥーサ	4	4	2	2	0	4	\N	2017-06-19	9200	\N	1010	\N	\N
3040124	Baotorda (SSR)	バウタオーダ	4	4	2	4	2	1	1000	2017-06-19	7420	\N	2300	\N	Symbol of Justice
3040125	Yggdrasil	ユグドラシル	4	4	2	2	4	4	1000	2017-06-30	6300	\N	1900	\N	Bella Aeterna
3040126	Izmir (Summer)	イシュミール	4	4	2	3	0	1	1030	2017-07-31	10100	\N	1350	\N	Frostbite
3040127	Korwa (Summer)	コルワ	4	4	2	1	4	2	1030	2017-07-20	6850	\N	1550	\N	Bell of Happy Endings
3040128	Siegfried (Yukata)	ジークフリート	4	4	2	1	0	0	1030	2017-08-09	9500	\N	1330	\N	Sinensis
3040129	Diantha (Summer)	ディアンサ	4	4	2	3	4	0	1030	2017-08-15	8100	\N	1420	\N	Tlepilli
3040130	Grea	グレア	4	4	2	0	0	5	1000	2017-08-31	10100	\N	1150	\N	Draco Claw
3040131	Mikazuki Munechika	三日月宗近	4	4	2	4	1	5	\N	2017-09-09	7580	\N	1490	\N	\N
3040132	Anne	アン	4	4	2	3	2	0	1000	2017-09-14	7925	\N	1615	\N	Daemon's Spine
3040133	Nina Drango	ニーナ・ドランゴ	4	4	2	0	0	5	\N	2017-09-20	7720	\N	972	\N	\N
3040134	Dorothy and Claudia	サーヴァンツ ドロシー＆クラウディア	4	4	2	4	4	0	1000	2017-09-30	9300	\N	1400	\N	Gothic Cutlery
3040135	Danua (Halloween)	ダヌア	4	4	2	0	4	1	1040	2017-10-23	8610	\N	1550	\N	Snack Pole‎
3040136	Sakura Kinomoto	木之本桜	4	4	2	4	4	0	\N	2017-10-10	6730	\N	1660	\N	\N
3040137	Azazel	アザゼル	4	4	2	5	0	4	1000	2017-10-17	9990	\N	1380	\N	Shadow Viperlance
3040138	Yuel (Water)	ユエル	4	4	2	3	4	2	1000	2017-10-31	8500	\N	1140	\N	Izayoi
3040140	Lancelot (Wind)	ランスロット	4	4	2	1	0	0	1000	2017-11-30	9400	\N	1350	\N	Heiliges Schwert
3040141	Vira (Grand)	ヴィーラ	4	4	2	4	2	4	1500	2017-11-17	7200	\N	1950	\N	Certificus
3040142	Levi	リヴァイ	4	4	2	1	0	0	\N	2017-12-14	9760	\N	1240	\N	\N
3040143	Mary (Holiday)	マリー	4	4	2	4	1	0	1020	2017-12-15	7900	\N	1630	\N	Jolly Starcracker
3040144	Charioce XVII	シャリオス17世	4	4	2	0	4	0	\N	2017-12-28	7400	\N	1700	\N	\N
3040145	Olivia	オリヴィエ	4	4	2	5	4	4	1500	2017-12-29	7800	\N	1480	\N	Fallen Sword
3040146	Vaseraga (Earth)	バザラガ	4	4	2	2	0	1	1000	2017-12-31	10130	\N	1340	\N	Wurtzite Scythe
3040147	Vajra	ヴァジラ	4	4	2	3	0	2	1050	2017-12-31	8720	\N	1140	\N	Canisius
3040148	Ilsa	イルザ	4	4	2	2	0	2	1000	2017-12-31	8500	\N	1200	\N	Gandiva
3040149	Therese (SSR)	テレーズ	4	4	2	0	0	0	1000	2018-01-16	9800	\N	1240	\N	Tanzanite Blade
3040150	Zooey	ゾーイ	4	4	2	4	1	4	1000	2018-01-31	8700	\N	1460	\N	Ruler of Fate
3040151	Medusa (Valentine)	メドゥーサ	4	4	2	2	1	4	1010	2018-02-14	8500	\N	1500	\N	Medusiana Staff
3040152	Tiamat	ティアマト	4	5	2	1	4	4	1000	2018-02-28	7300	8800	1700	1940	Tiamat Bolt Prime
3040153	Sandalphon (Event)	サンダルフォン	4	5	2	4	1	4	\N	2018-02-28	7700	9150	1660	1970	\N
3040154	Jeanne d'Arc (Summer)	ジャンヌダルク	4	4	2	1	1	0	1030	2018-03-16	7100	\N	1780	\N	Orleans Standard
3040155	Robomi	ロボミ	4	4	2	4	0	5	1000	2018-03-31	9700	\N	1260	\N	Railgun
3040156	Nicholas	シロウ	4	4	2	5	2	0	1000	2018-03-31	7550	\N	1850	\N	Gigante Slicer
3040157	Conan Edogawa	江戸川コナン	4	4	2	4	4	0	\N	2018-04-04	7500	\N	1100	\N	\N
3040158	Alexiel	ブローディア	4	4	2	2	2	4	1500	2018-04-17	7000	\N	1960	\N	Mirror-Blade Shard
3040159	Cucouroux (SSR)	ククル	4	4	2	3	1	0	1000	2018-04-30	8500	\N	1500	\N	White Hawk
3040160	Maria Theresa	マリア・テレサ	4	4	2	3	1	1	20	2019-03-10	10403	\N	1711	\N	\N
3040161	Fraux	フラウ	4	4	2	0	0	2	20	2019-03-10	9808	\N	1315	\N	\N
3040162	Geisenborger	ガイゼンボーガ	4	4	2	4	0	1	20	2019-03-10	11407	\N	1517	\N	\N
3040163	Estarriola	エスタリオラ	4	4	2	1	4	3	20	2019-03-10	10409	\N	1314	\N	\N
3040164	Caim	カイム	4	4	2	2	4	0	20	2019-03-10	10000	\N	1412	\N	\N
3040165	Lobelia	ロベリア	4	4	2	2	0	0	20	2019-03-10	10901	\N	1416	\N	\N
3040166	Katzelia	カッツェリーラ	4	4	2	1	2	3	20	2019-03-10	7604	\N	1720	\N	\N
3040167	Alanaan	アラナン	4	4	2	0	0	2	20	2019-03-10	9705	\N	1319	\N	\N
3040168	Haaselia	ハーゼリーラ	4	4	2	3	4	3	20	2019-03-10	10402	\N	1318	\N	\N
3040169	Nier	ニーア	4	4	2	5	4	2	20	2019-03-10	8906	\N	1313	\N	\N
3040170	Soriz (SSR)	ソリッズ	4	5	2	2	0	0	1000	2018-05-21	10200	12060	1300	1550	Wyrmtiger Claw
3040171	Cain (Grand)	カイン	4	4	2	2	4	0	1600	2018-05-31	8950	\N	1250	\N	Ichigo Hitofuri
3040172	Lunalu (SSR)	ルナール	4	4	2	5	4	3	1000	2018-05-31	9240	\N	1160	\N	Ruling Pen
3040173	Joker	ジョーカー	4	4	2	5	4	0	\N	2018-06-18	8700	\N	1300	\N	\N
3040174	Wulf and Renie	ウーフとレニー	4	4	2	5	0	5	1000	2018-06-18	8600	\N	1480	\N	Master Key
3040175	Selfira	セレフィラ	4	4	2	1	4	2	1000	2018-06-30	7880	\N	1160	\N	Cythara Anglica
3040176	Rosetta (Summer)	ロゼッタ	4	4	2	2	4	4	1030	2018-07-18	8500	\N	1340	\N	Thorny Rose
3040177	Ilsa (Summer)	イルザ	4	4	2	0	0	2	1030	2018-07-31	8640	\N	1160	\N	Arjunan Bow
3040178	Naoise (Summer)	ノイシュ	4	4	2	4	2	0	1030	2018-07-31	7160	\N	2000	\N	Conifer
3040179	Grea (Summer)	グレア	4	4	2	3	0	5	1030	2018-08-14	10050	\N	1160	\N	Draco Horn
3040180	Tsubasa	ツバサ	4	4	2	0	0	0	1000	2018-08-31	10500	\N	1100	\N	Two-by-Four
3040181	Pholia	フォリア	4	4	2	3	4	2	1600	2018-08-31	7899	\N	1166	\N	Taisai Spirit Bow
3040182	Freezie	フーちゃん	4	4	2	5	4	2	1000	2018-09-16	8120	\N	1080	\N	Arachne
3040183	Aqours Second-Years	桜内梨子＆高海千歌＆渡辺 曜	4	5	2	3	1	0	\N	2018-08-09	9660	10500	1000	1700	\N
3040184	Aqours First-Years	津島善子＆国木田花丸＆黒澤ルビィ	4	4	2	2	3	0	\N	2018-08-09	6100	\N	1910	\N	\N
3040185	Aqours Third-Years	松浦果南＆黒澤ダイヤ＆小原鞠莉	4	4	2	0	2	0	\N	2018-08-09	6800	\N	2000	\N	\N
3040186	Monika	モニカ	4	4	2	1	1	0	\N	2018-10-22	8640	\N	1472	\N	\N
3040187	Silva (Light)	シルヴァ	4	4	2	4	0	0	1000	2018-09-30	9800	\N	1240	\N	Full Metal Recoil
3040188	Cure Black and Cure White	プリキュア キュアブラック＆キュアホワイト	4	4	2	4	0	0	\N	2018-10-14	4400	\N	1300	\N	\N
3040189	Lady Grey (Halloween)	レディ・グレイ	4	4	2	5	4	0	1040	2018-10-17	8700	\N	1460	\N	Distant Requiem
3040190	Europa	エウロペ	4	4	2	3	3	4	1500	2018-10-17	6800	\N	2000	\N	Galilei's Insight
3040191	Lancelot and Vane	白竜の双騎士 ランスロット＆ヴェイン	4	4	2	0	0	0	1000	2018-10-31	4600	\N	1400	\N	Feendrache Pennant
3040192	Aglovale	アグロヴァル	4	4	2	3	0	0	1000	2018-10-31	10030	\N	1220	\N	Gottfried
3040193	Levin Sisters	レヴィオン姉妹 マイム＆ミイム＆メイム	4	4	2	4	4	0	1000	2018-11-15	4300	\N	1320	\N	Levin Shooter
3040194	Charlotta (Light)	シャルロッテ	4	4	2	4	0	3	1000	2018-11-30	10350	\N	1110	\N	Claidheamh Soluis
3040195	Metera (Holiday)	メーテラ	4	4	2	4	1	2	1020	2018-12-17	7310	\N	1418	\N	Pinkie Needle
3040196	Shiva	シヴァ	4	4	2	0	0	4	1500	2018-12-28	11400	\N	1240	\N	Purifying Thunderbolt
3040197	Kumbhira	クビラ	4	4	2	4	0	1	1050	2018-12-31	10600	\N	1400	\N	Porculius
3040198	Eustace (Dark)	ユーステス	4	4	2	5	0	2	1000	2018-12-31	8600	\N	1200	\N	Ishtar
3040199	Yurius	ユリウス	4	4	2	1	4	0	1000	2018-11-15	8900	\N	1260	\N	Returner Staff
3040200	Pecorine	ペコリーヌ	4	4	2	4	2	0	\N	2018-12-09	6150	\N	2000	\N	\N
3040201	Kokkoro	コッコロ	4	4	2	1	1	5	\N	2018-12-09	7700	\N	1450	\N	\N
3040202	Athena	アテナ	4	4	2	0	2	4	1000	2018-12-31	7000	\N	1960	\N	Sacred Lance
3040203	Tanya (SSR)	ターニャ	4	4	2	5	4	0	1000	2019-01-17	8800	\N	1280	\N	Gandring
3040204	Sen (SSR)	セン	4	4	2	1	0	2	1000	2019-01-31	8700	\N	1140	\N	Galactic Impact
3040205	Dante and Freiheit	ダーント&フライハイト	4	4	2	2	0	0	1000	2019-01-31	9750	\N	1250	\N	Neko Punch Pro
3040206	Clarisse (Valentine)	クラリス	4	4	2	5	4	0	1010	2019-02-13	9130	\N	1214	\N	Silphium
3040207	Melissabelle (Valentine)	メリッサベル	4	4	2	4	2	3	1010	2019-02-13	9210	\N	1400	\N	Sword on the Cob
3040208	Heles (Wind)	ヘルエス	4	4	2	1	0	2	1000	2019-02-28	8600	\N	1170	\N	Deirdre's Symbol
3040209	Ferry (Grand)	フェリ	4	4	2	5	4	2	1600	2019-02-28	7100	\N	1550	\N	Unheil
3040210	Yuel (Summer)	ユエル	4	4	2	1	1	2	1030	2019-03-18	7440	\N	1620	\N	Crimson Sapphire
3040211	Vira (Wind)	ヴィーラ	4	4	2	1	0	0	1000	2019-03-31	9750	\N	1250	\N	Another Sky
3040212	Grimnir	グリームニル	4	4	2	1	1	4	1500	2019-04-15	7800	\N	1640	\N	Vortex of the Void
3040213	Macula Marius	マキュラ・マリウス	4	4	2	3	4	4	1000	2019-04-15	8020	\N	1140	\N	Froststar Staff
3040214	Medusa	メドゥーサ	4	4	2	2	1	4	1000	2019-04-30	8200	\N	1560	\N	Euripides
3040215	Baal	バアル	4	4	2	2	1	4	1000	2019-05-18	8320	\N	1540	\N	Spymur's Clause
3040216	Karyl	キャル	4	4	2	5	0	5	\N	2019-05-29	8950	\N	1200	\N	\N
3040217	Ladiva (SSR)	ファスティバ	4	4	2	2	0	1	1000	2019-05-31	10000	\N	1356	\N	Rainbow Hand
3040218	Morrigna	バイヴカハ	4	4	2	1	4	4	1000	2019-05-31	8700	\N	1300	\N	Trí Bandia
3040219	Lelouch Lamperouge	ルルーシュ・ランペルージ	4	4	2	5	1	0	\N	2019-06-19	6125	\N	1800	\N	\N
3040220	Suzaku Kururugi	枢木スザク	4	4	2	1	0	0	\N	2019-06-14	8710	\N	1200	\N	\N
3040221	Kallen Kouzuki	紅月カレン	4	4	2	0	0	0	\N	2019-06-14	8315	\N	1550	\N	\N
3040222	Kolulu	コルル	4	4	2	5	4	0	1000	2019-06-19	11100	\N	950	\N	Vagabond
3040223	Halluel and Malluel (Summer)	ハールート・マールート	4	4	2	4	1	4	1030	2019-06-30	4000	\N	1600	\N	Sharp Letter
3040224	Sandalphon (Summer)	サンダルフォン	4	4	2	3	1	4	1030	2019-06-30	8500	\N	1500	\N	Ain Soph
3040225	Cagliostro (Summer)	カリオストロ	4	4	2	3	3	0	1030	2019-07-17	6400	\N	1760	\N	Only for a Cutie
3040226	Europa (Summer)	エウロペ	4	4	2	3	1	4	1030	2019-07-31	9100	\N	1380	\N	Crystal Bellflowers
3040227	Jessica (Yukata)	ジェシカ	4	4	2	2	3	0	1030	2019-07-31	5900	\N	1860	\N	Midnight Radiance
3040228	Anthuria (Yukata)	アンスリア	4	4	2	5	1	2	1030	2019-08-06	7000	\N	1480	\N	Forbidden Memories
3040229	Μ's First-Years	星空 凛＆小泉花陽＆西木野真姫	4	4	2	1	3	0	\N	2019-08-12	7211	\N	1641	\N	\N
3040230	Μ's Second-Years	園田海未＆高坂穂乃果＆南ことり	4	4	2	4	1	0	\N	2019-08-12	8022	\N	1630	\N	\N
3040231	Μ's Third-Years	絢瀬絵里＆矢澤にこ＆東條 希	4	5	2	5	2	0	\N	2019-08-12	6233	\N	2219	\N	\N
3040232	Alexiel (Summer)	ブローディア	4	4	2	2	4	4	1030	2019-08-15	9000	\N	1240	\N	Nibelung Glas
3040233	Stan and Aliza	勇者と姫君 スタン＆アリーザ	4	4	2	1	0	2	1000	2019-08-31	5020	\N	1290	\N	Golden Dragon
3040234	Tabina	タヴィーナ	4	4	2	0	0	0	1000	2019-08-31	9550	\N	1300	\N	Hand Axe
3040235	Colossus	コロッサス	4	4	2	0	0	4	1000	2019-09-16	11050	\N	930	\N	Metal Destroyer
3040236	Sara (Light)	サラ	4	4	2	4	2	0	1000	2019-09-16	7600	\N	1840	\N	Eon
3040237	Siegfried (Fire)	ジークフリート	4	4	2	0	4	0	1000	2019-09-30	9200	\N	1200	\N	Black Dragon's Maw
3040238	Monika (Grand)	モニカ	4	4	2	1	1	0	1600	2019-09-30	9000	\N	1400	\N	Sky Ace
3040239	Zeta and Vaseraga (Halloween)	真紅と冥闇 ゼタ＆バザラガ	4	4	2	2	1	0	1040	2019-10-16	5200	\N	1520	\N	Enchanted Broomstick
3040240	Hallessena (Halloween)	ハレゼナ	4	4	2	4	0	1	1040	2019-10-16	10800	\N	1090	\N	Spirit Seeker
3040241	Societte (Wind)	ソシエ	4	4	2	1	3	2	1000	2019-10-31	5760	\N	1590	\N	Cardinal Spear
3040242	Kou	コウ	4	4	2	5	3	2	1000	2019-10-31	6815	\N	1389	\N	Juzumaru
3040243	Vira (Promo)	ヴィーラ	4	4	2	0	4	0	\N	2019-12-13	8700	\N	1300	\N	\N
3040244	Shitori	シトリ	4	4	2	4	1	0	1000	2019-11-16	7750	\N	1650	\N	Iridescent Bow
3040245	Jeanne d'Arc (Grand)	ジャンヌダルク	4	4	2	4	1	0	1500	2019-11-16	8400	\N	1580	\N	Sacred Standard
3040246	Meteon (Holiday)	ミュオン	4	4	2	1	4	0	1020	2019-11-30	9900	\N	1200	\N	Ray Gun
3040247	Magisa (Holiday)	マギサ	4	4	2	2	4	0	1020	2019-11-30	8600	\N	1500	\N	Holy Night Scepter
3040248	Gachapin	ガチャピン	4	4	2	1	1	5	\N	2019-12-07	8888	\N	1421	\N	\N
3040249	Narmaya (Holiday)	ナルメア	4	4	2	2	0	1	1020	2019-12-15	10885	\N	1185	\N	Blade of Purification
3040250	Seruel (Holiday)	セルエル	4	4	2	1	2	2	1020	2019-12-15	6505	\N	1725	\N	Brand of Binding Oath
3040251	Helel ben Shalem	ヘレル・ベン・シャレム	4	4	2	5	4	5	1500	2019-12-28	8880	\N	1270	\N	Bab-el-Mandeb
3040252	Vikala	ビカラ	4	4	2	5	1	0	1050	2019-12-31	8500	\N	1500	\N	Rodentius
3040253	Yuisis (Fire)	ユイシス	4	4	2	0	0	2	1000	2019-12-31	9640	\N	952	\N	Gangsta Knife
3040254	Lucius (SSR)	ルシウス	4	4	2	5	0	0	1000	2019-12-31	9800	\N	1285	\N	Alabaster Zenith
3040255	Noa (Grand)	ノア	4	4	2	4	4	4	1600	2019-12-31	9700	\N	1100	\N	Ivory Ark
3040256	Danua (SSR)	ダヌア	4	4	2	4	4	1	1000	2020-01-17	9820	\N	1380	\N	Spectral Cleaver
3040257	Jin	ジン	4	4	2	2	0	0	1000	2020-01-17	10100	\N	1180	\N	Soshu Masamune
3040258	Ilsa (Light)	イルザ	4	4	2	4	2	2	1000	2020-01-31	6430	\N	1738	\N	Takeminakata
3040259	Yodarha (Wind)	ヨダルラーハ	4	4	2	1	0	3	1000	2020-01-31	10130	\N	1142	\N	True Tiger's Bane
3040260	Scathacha (Valentine)	スカーサハ	4	4	2	0	3	2	1010	2020-02-14	5760	\N	1590	\N	Deirdre's Heart
3040261	Grimnir (Valentine)	グリームニル	4	4	2	1	4	4	1010	2020-02-14	9900	\N	1214	\N	Lupercalia
3040262	Seox (Event)	シス	4	4	2	5	0	2	\N	2020-03-04	8100	\N	1080	\N	\N
3040263	Lecia (Water)	リーシャ	4	4	2	3	0	0	1000	2020-02-29	9600	\N	1280	\N	Commander's Sidearm
3040264	Vania and Malinda	飛竜と吸血姫 ヴァンピィ＆ベス	4	4	2	3	4	5	1000	2020-02-29	9000	\N	1240	\N	Plushie Pal
3040265	Rei	レイ	4	4	2	5	4	3	1600	2020-02-29	10000	\N	1000	\N	Sunya
3040266	Teena (Summer)	ティナ	4	4	2	0	1	0	1030	2020-03-17	9750	\N	1230	\N	Tropical Fairy
3040267	Mugen	ムゲン	4	4	2	0	0	1	1500	2020-03-17	11171	\N	1221	\N	Kerak
3040268	Sturm	スツルム	4	4	2	3	0	1	1000	2020-03-31	10080	\N	1350	\N	Proelium
3040269	Drang	ドランク	4	4	2	0	4	2	1000	2020-03-31	7720	\N	1200	\N	Red Sphere
3040270	Black Knight and Orchis	エルステの要 黒騎士&オルキス	4	4	2	5	2	0	\N	2020-06-24	7175	\N	1925	\N	\N
3040271	Herja (SSR)	ヘリヤ	4	4	2	2	2	0	1000	2020-04-15	6820	\N	2020	\N	Great Spear
3040272	Milleore and Sahli Lao	阿吽の破弓 ミラオル＆ザーリリャオー	4	4	2	3	0	3	1000	2020-04-15	9940	\N	1210	\N	Acid Bolt Shooter
3040273	Shura	シュラ	4	4	2	3	1	0	1000	2020-04-30	8400	\N	1520	\N	Teiwaz
3040274	Reinhardtzar (Grand)	ラインハルザ	4	4	2	0	0	1	1600	2020-04-30	10800	\N	1360	\N	Fist of Destruction
3040275	New Generations	渋谷凛＆島村卯月＆本田未央	4	4	2	4	1	0	\N	2020-05-15	7913	\N	1448	\N	\N
3040276	Kaede Takagaki	高垣楓	4	4	2	1	4	0	\N	2020-05-19	7021	\N	1614	\N	\N
3040277	Illnott	イルノート	4	4	2	0	0	0	1000	2020-05-15	10000	\N	1200	\N	Mystic Spray Gun
3040278	Predator (SSR)	プレデター	4	4	2	5	0	0	1000	2020-05-15	10500	\N	1100	\N	Predator Claw
3040279	Percival (Light)	パーシヴァル	4	4	2	4	1	0	1000	2020-05-31	9700	\N	1300	\N	Walthari
3040280	Satyr	サテュロス	4	4	2	0	2	4	1000	2020-05-31	6780	\N	2110	\N	Sikinnis
3040281	Naoise	ノイシュ	4	4	2	1	4	0	1000	2020-06-16	8900	\N	1260	\N	Heavenly Fawn Bow
3040282	Pengy (SSR)	ペンギー	4	4	2	2	0	0	1000	2020-06-16	8800	\N	1280	\N	Hard Knuckle
3040283	Kolulu (Summer)	コルル	4	4	2	3	4	0	1030	2020-06-30	10050	\N	1160	\N	Much Ado
3040284	Abby	アビー	4	4	2	0	0	0	1000	2020-06-30	10500	\N	1100	\N	Tiny Logger's Axe
3040285	Leona (Grand)	レオナ	4	4	2	2	0	0	1600	2020-06-30	11050	\N	990	\N	Yahata's Naginata
3040286	Lucio (Summer)	ルシオ	4	4	2	3	1	5	1030	2020-07-16	7800	\N	1700	\N	Dayspring
3040287	Amira (Summer)	アーミラ	4	4	2	5	1	5	1030	2020-07-16	6750	\N	1960	\N	Summer Genesis
3040288	Anila (Summer)	アニラ	4	4	2	1	4	1	1030	2020-07-31	8990	\N	1400	\N	Eighth Point of the Flock
3040289	Rosamia (Yukata)	ロザミア	4	4	2	4	1	0	1030	2020-07-31	8025	\N	1595	\N	Official's Jitte
3040290	Albert (Summer)	アルベール	4	4	2	1	0	0	1030	2020-08-09	9950	\N	1210	\N	Surviving Lightning
3040291	Silva (Summer)	シルヴァ	4	4	2	2	0	0	1030	2020-08-17	9600	\N	1280	\N	Beach-Camouflage Vlisragna
3040292	Mimlemel (Summer)	ミムルメモル	4	4	2	0	4	3	1030	2020-08-17	9240	\N	1150	\N	My Little Mim
3040293	Juliet (Water)	ジュリエット	4	4	2	3	1	0	1000	2020-08-31	8800	\N	1440	\N	Ophelia
3040294	Hiro Ryugasaki	竜ヶ崎ヒイロ	4	4	2	0	0	0	\N	2020-09-14	9600	\N	1280	\N	\N
3040295	Mimori Amamiya	天宮ミモリ	4	4	2	1	1	0	\N	2020-09-14	8000	\N	1600	\N	\N
3040296	Diantha	ディアンサ	4	4	2	2	3	0	1000	2020-09-16	6500	\N	1750	\N	Brand New Melody
3040297	Golden Knight	黄金の騎士	4	4	2	2	0	2	1500	2020-09-16	10000	\N	1200	\N	Cerastes
3040298	Gawain (Light)	ガウェイン	4	4	2	4	0	0	1000	2020-09-30	10250	\N	1150	\N	Tabarzin
3040299	Florence	フロレンス	4	4	2	1	4	0	1000	2020-09-30	8200	\N	1400	\N	Disturbance Signum
3040300	Azazel (Halloween)	アザゼル	4	4	2	0	0	4	1040	2020-10-17	10600	\N	1160	\N	Trick Serpent
3040301	Rosetta (Halloween)	ロゼッタ	4	4	2	3	2	4	1040	2020-10-17	6300	\N	2200	\N	Midnight Rose
