3020000	0	Heat Blitz	1
3020000	1	Brute Force	25
3020000	2	Physical Strike	1
3020001	0	Inspire	1
3020001	1	Powderize	25
3020002	0	Hexor	1
3020002	1	Strong Arm	25
3020004	0	Defender	1
3020004	1	Svel	25
3020005	0	Shield Defense	1
3020005	1	Overlance	25
3020006	0	Shield Bash	1
3020006	1	Showtime!	25
3020007	0	Shield Smite	1
3020007	1	Substitute	25
3020008	0	Fire	1
3020008	1	Nightmare Wish	25
3020008	2	Roast	1
3020009	0	Heal Self	1
3020009	1	Protective Wind	25
3020010	0	Jinx	1
3020010	1	Atonement	25
3020011	0	Wind's Solace	1
3020011	1	Gust	25
3020012	0	Special Potion	1
3020012	1	Forest's Prayer	25
3020013	0	Camouflage	1
3020013	1	Black Down	25
3020014	0	Resist Draw	1
3020014	1	Highs and Lows	25
3020015	0	Shadow Step	1
3020015	1	Backstab	25
3020016	0	Shot Down	1
3020016	1	Threat	25
3020017	0	Dark Mist	1
3020017	1	Dark Energy	25
3020018	0	Armorbreak Talisman	1
3020018	1	Immovable Talisman	25
3020018	2	Two Load Talisman	1
3020019	0	Riot Blade	1
3020019	1	Braver	25
3020020	0	Lightning Knuckle	1
3020020	1	Fight Effect	25
3020021	0	Fire	1
3020021	1	Pretty Please Nightmare	25
3020022	0	Sand Ambush: Sandbush!	1
3020022	1	Lights Out!	25
3020023	0	Knock Over	1
3020023	1	Threat	25
3020024	0	Iron Gram	1
3020024	1	Full Break	25
3020025	0	Specially-Made Lunch	1
3020025	1	Huge Knife	25
3020026	0	Shake It	1
3020026	1	Finisher: Kamaitachi	25
3020027	0	Foul Thrust	1
3020027	1	Visera Decoup	25
3020028	0	Ambush	1
3020028	1	Ornament Sphere	25
3020029	0	Heal	1
3020029	1	Freeze	25
3020029	2	Heal Lesson	1
3020030	0	Sea Sage	1
3020030	1	Empty Myst	25
3020031	0	Time to Paaar-tay	1
3020031	1	Tribute	25
3020032	0	Fret	1
3020032	1	Discharger	25
3020033	0	Wowzers	1
3020033	1	Indefinite Book	25
3020034	0	Deduce	1
3020034	1	Bluff	25
3020035	0	Enhance Dice	1
3020035	1	Weakness Dice	25
3020036	0	Brave Shot	1
3020036	1	Adversity	25
3020037	0	Berzerk Strike	1
3020037	1	Blounder Breaking Shockwave	25
3020037	2	Tonfa Kick	1
3020038	0	Soy Flavored Soft-Boiled Egg	1
3020038	1	Ultracalifragilistic Ramen	25
3020039	0	Atrashia	1
3020039	1	Precollage	25
3020040	0	Water Cutter	1
3020040	1	Aqua Veil	25
3020041	0	Adventure	1
3020041	1	I Miss You	25
3020043	0	Flattery	1
3020043	1	The Punchline	25
3020044	0	Ether Cast	1
3020044	1	Unleash	25
3020045	0	Hide	1
3020045	1	Go Away!	25
3020046	0	Weapon Adjustment	1
3020046	1	Armor Adjustment	25
3020047	0	Amplifier	1
3020047	1	Discharger	25
3020048	0	I've Got Your Back!	1
3020048	1	I've Got Your Back Till The End!	25
3020049	0	Fire Bow Barrage	1
3020049	1	Here boy! Ruff Ruff!	25
3020050	0	Facsimile	1
3020050	1	Fauxin Eye	25
3020051	0	I'm Watchin' You!	1
3020051	1	Did You Just See That!	25
3020052	0	Wheee!	1
3020052	1	Ahh, That's Better!	25
3020053	0	Q.E.D.	1
3020053	1	Debate	25
3020054	0	Enchanted Foil	1
3020054	1	Enchanted Foil II	25
3020055	0	Reckless Fire	1
3020055	1	Savage Strike	25
3020056	0	Thelonim's Magic	1
3020056	1	Harvest's Judgment	25
3020057	0	Snacktime	1
3020057	1	Snacktime	25
3020058	0	Touch Up	1
3020058	1	Highlights	25
3020059	0	Rockin' the Look	1
3020059	1	So Outta Here	25
3020060	0	Oozing Egg Yolks	1
3020060	1	Bowl of the Heavens	25
3020061	0	Facsimile	1
3020061	1	Whiteburn	25
3020062	0	Hang Ten	1
3020062	1	Off the Lip	25
3020063	0	I'm Getting Ready!	1
3020063	1	I'm a VIP!	25
3020064	0	Shield Stance	1
3020064	1	Heroic Oath	25
3020066	0	Oblivion	1
3020066	1	Deliverance	25
3020070	0	Kick It Up	1
3020070	1	High Kick	25
3020071	0	Spin Up	1
3020071	1	Switch Up	25
3020072	0	Meeyow!	1
3020072	1	Reow?	25
3030000	0	High Guard	1
3030000	1	Knight Stand	1
3030000	2	Ritter Shield	35
3030001	0	Insania	1
3030001	1	Moenia	1
3030001	2	Avarus	35
3030002	0	Miserable	1
3030002	1	Dusk Trail	1
3030002	2	Drain	35
3030003	0	Flamebound	1
3030003	1	Timberlight	1
3030003	2	Fireflow	35
3030004	0	Gust II	1
3030004	1	Apyre Bite	1
3030004	2	Dance of the Storm	35
3030005	0	Heal	1
3030005	1	Dispel Mount	15
3030005	2	Light Wall	35
3030005	3	Identities	80
3030006	0	Freeze	1
3030006	1	Clear	15
3030006	2	Heal II	35
3030006	3	Stargaze	80
3030007	0	Armor-Piercing Round	1
3030007	1	Intercept	15
3030007	2	Ignition	35
3030007	3	Dominance	80
3030008	0	Bull's Eye Snipe	1
3030008	1	Duration	15
3030008	2	Quick Shot	35
3030008	3	Slag Shot	80
3030009	0	Tribal Sword	1
3030009	1	Khashmal	1
3030009	2	Sword Dance	35
3030010	0	Thorn Whip	1
3030010	1	Winter Rose Tiara	15
3030010	2	Crimson Dress	35
3030011	0	Clean Cut	1
3030011	1	Lemme Handle This, Bobo!	1
3030011	2	Raging Arm	35
3030012	0	Flowing Step	1
3030012	1	Strain	1
3030012	2	Prince Heart	35
3030013	0	I Feel the Happies	1
3030013	1	Cheers!	1
3030013	2	It's Getting Hot in Here!	35
3030014	0	Juggle	1
3030014	1	Disturbance	1
3030014	2	High Tension	35
3030015	0	Scarlet Streak	1
3030015	1	Starfire	1
3030015	2	Flame Blossom	35
3030016	0	True Shot	1
3030016	1	Frenzy	1
3030016	2	Hyper Shot	35
3030017	0	Gloomy Puppet	1
3030017	1	Grim Reaper	1
3030017	2	Blood Sucker	35
3030018	0	Aimed Shot	1
3030018	1	90	1
3030018	2	Shooting Star	35
3030019	0	Layer Rise	1
3030019	1	Life Steal	1
3030019	2	Darkane	35
3030020	0	Rock Smash	1
3030020	1	Cross Counter	1
3030020	2	Muzzled Fury	35
3030021	0	Earth Spike	1
3030021	1	Sand Wall	1
3030021	2	Mirage Fist	35
3030022	0	Sideway Solace	1
3030022	1	Flash Rock	1
3030022	2	The Mind's Eye	35
3030023	0	Crimson Cull	1
3030023	1	Cannon Boom	1
3030023	2	Cremate	35
3030024	0	Vintostus	1
3030024	1	Pufule	1
3030024	2	Shtrifen Breeze	35
3030025	0	Grand Finale	1
3030025	1	Yell	1
3030025	2	Wonder Song	35
3030026	0	Svortza	1
3030026	1	Kral Symphony	1
3030026	2	Melancholic Melody	35
3030027	0	Flame Scorpion	1
3030027	1	Red Slide	1
3030027	2	Amethyst	35
3030028	0	Sea Cutlass	1
3030028	1	Dual Stance	1
3030028	2	Guildbreak	35
3030029	0	Heal III	1
3030029	1	Dispel Mount	1
3030029	2	Light Wall	35
3030030	0	Flame Cannon	1
3030030	1	Frenzy	1
3030030	2	Kiss Shot	35
3030031	0	Summer Dance	1
3030031	1	Apyre Break	1
3030031	2	Spiral Air Raid	35
3030032	0	Purge Spirits	1
3030032	1	Gespenst	1
3030032	2	Benediction	35
3030033	0	Shadow Barrage	1
3030033	1	Demon-Slay	1
3030033	2	Whitefire Blade	35
3030034	0	Light of Purification	1
3030034	1	Non-Stop Fire	1
3030034	2	Prism Flower Ring	35
3030035	0	Arrow of Vanquishment	1
3030035	1	Flight	1
3030035	2	Heaven's Champion	35
3030036	0	Ecarte	1
3030036	1	Chasse	1
3030036	2	Reverence	35
3030037	0	Fighting Spirit!	1
3030037	1	Showtime!	1
3030037	2	Blade Dance	35
3030038	0	Anger Strike	1
3030038	1	Substitute	1
3030038	2	Warcry	35
3030039	0	Mind Order	1
3030039	1	Radiation Bolt	1
3030039	2	Archangel	35
3030040	0	Twinkle Star	1
3030040	1	Peace Magic	1
3030040	2	Fem Romantique	35
3030041	0	Étoile Prism	1
3030041	1	White Song	1
3030041	2	Skyblue Song	35
3030042	0	Flowing Step	1
3030042	1	Savage Thrust	1
3030042	2	Piercing Dark	35
3030043	0	Hummingale	1
3030043	1	Mysterious Harmony	1
3030043	2	Revery Horn	35
3030044	0	Alert	1
3030044	1	Balmy Breeze	1
3030044	2	The One That Will Not Bow	35
3030045	0	Penetrator	1
3030045	1	All Crack	1
3030045	2	Destruction	35
3030046	0	Enchanted Fire	1
3030046	1	Kaleido Burning	1
3030046	2	Flame Feel	35
3030047	0	Wild Bash	1
3030047	1	Fight Over	1
3030047	2	Energy Destruction	35
3030048	0	Rapid Fire	1
3030048	1	Duration	1
3030048	2	Collateral Damage	35
3030049	0	Immovable Talisman II	1
3030049	1	Armorsmash Talisman	1
3030049	2	Density Talisman	35
3030050	0	Prakriti	1
3030050	1	Raga	1
3030050	2	Vaito Rishnam	35
3030051	0	Secret Heart	1
3030051	1	Innocent Passion	1
3030051	2	Temptation	35
3030052	0	Shooting Star	1
3030052	1	Starlight Shower	1
3030052	2	Falling Star	35
3030053	0	Caballero Shield	1
3030053	1	Overbattle	1
3030053	2	Rising Cut	35
3030054	0	Baseness	1
3030054	1	Necronomicon	1
3030054	2	Vermillion	35
3030054	3	Reanimate	90
3030055	0	Magnanimous Heart 100%	1
3030055	1	Feel the Love	1
3030055	2	Hug	35
3030056	0	Ration	1
3030056	1	Guard Stance	1
3030056	2	Stumble Edge	35
3030057	0	Body Blow	1
3030057	1	Grand Faust	1
3030057	2	Siesta	35
3030058	0	Cleaning!	1
3030058	1	Laundry!	1
3030058	2	At Your Service!	35
3030059	0	Iron Panzer	1
3030059	1	Lockvogel	1
3030059	2	Kvaall Vand	35
3030060	0	Connotation Magica	1
3030060	1	Shadow Brim	1
3030060	2	Pain Of Scars	35
3030061	0	Breve	1
3030061	1	Acqua Serenata	1
3030061	2	Serenata Curativa	35
3030062	0	Impeller	1
3030062	1	Lewis	1
3030062	2	Laetus	35
3030063	0	Organize Situation	1
3030063	1	Find Evidence	1
3030063	2	Revelations	35
3030064	0	Insight Shot	1
3030064	1	Piercing Shot	1
3030064	2	Fast Reload	35
3030065	0	Interlude	1
3030065	1	Pivot Blow	1
3030065	2	Angler	35
3030065	3	Half-God Half-Demon	75
3030066	0	Virtues of Wind	1
3030066	1	Wind of the Gospel	1
3030066	2	Pity	35
3030067	0	Disarm	1
3030067	1	Binding Coil	1
3030067	2	Blind Trap	35
3030068	0	Picklock	1
3030068	1	Dodge Step	1
3030068	2	Threat II	35
3030069	0	Magic Wand	1
3030069	1	Blue Light Heal	1
3030069	2	Anti-Aging	35
3030070	0	Cuddles!	1
3030070	1	Kitty Cat Dance	1
3030070	2	Shall We Dance?	35
3030071	0	Lazy Magic	2
3030071	1	Gimme Candy!	1
3030071	2	Spoil Me	35
3030072	0	Sonic Blade	1
3030072	1	Windflect	15
3030072	2	Airy Feather	35
3030073	0	Peh!	1
3030073	1	Penguin!	1
3030073	2	Ppppenguin!!	35
3030074	0	Heal	1
3030074	1	Prove	1
3030074	2	Lexicon	35
3030075	0	Ambient	1
3030075	1	Eco Rising	1
3030075	2	Remix	35
3030076	0	Spread Shot	1
3030076	1	Dexterity	1
3030076	2	Shapley	35
3030077	0	Fom Dach	1
3030077	1	Palisade	1
3030077	2	Todesstoss	35
3030078	0	Thunder Knucks	1
3030078	1	Fight Effect II	1
3030078	2	Bolting Blitz	35
3030079	0	Blaster Missile	1
3030079	1	Iris Beam	1
3030079	2	Energy Charge	35
3030080	0	Fireball	1
3030080	1	Sunburst	1
3030080	2	Cloud Pierce	35
3030081	0	Azure Edge	1
3030081	1	Dragon Swarm	1
3030081	2	Shining Eagle	35
3030082	0	Double Moon	1
3030082	1	Angelic Ascent	1
3030082	2	Shadow Moment	35
3030083	0	Hellfire Roast	1
3030083	1	Scorching Steam	1
3030083	2	Deflagration	35
3030084	0	Shadow Sense	1
3030084	1	Backstab II	1
3030084	2	Silent Kill	35
3030085	0	Recon	1
3030085	1	Minimum Range	15
3030085	2	Ignition	35
3030086	0	Tanden Katsu	1
3030086	1	Boulder Flash	1
3030086	2	Unrestrained	35
3030087	0	Wind Heal	1
3030087	1	Beach Strike	1
3030087	2	Breeze Trick	35
3030088	0	Secret Mode	1
3030088	1	Passion	1
3030088	2	Full Power Love Attack	35
3030089	0	Sweet Magic	1
3030089	1	Bewitching Magic	1
3030089	2	Melty Sweet	35
3030090	0	Horror Scream-O	1
3030090	1	Nightmare Song	1
3030090	2	The Living Dead	35
3030091	0	Heal Cooling	1
3030091	1	Frost Bite	1
3030091	2	Brinicle	35
3030092	0	Console	1
3030092	1	Guilt and Remorse	1
3030092	2	Mortal Sin	35
3030093	0	Dragon Impact	1
3030093	1	Growing Pains	1
3030093	2	Iln Marion	35
3030094	0	Foresight	1
3030094	1	Iron Guardian	1
3030094	2	Svel II	35
3030095	0	Black Fire	1
3030095	1	Charm Fire	1
3030095	2	Magic Name	35
3030096	0	Knight Stand II	1
3030096	1	Full Thrust	1
3030096	2	Elemental Ritter Shield	35
3030097	0	Rush!	1
3030097	1	Energetic M.C.	1
3030097	2	Focal Point	35
3030098	0	Condition Keep	1
3030098	1	White Panther	1
3030098	2	Slicing Gaze	35
3030099	0	Rising Star	1
3030099	1	Verdant Wind	1
3030099	2	Fly High	35
3030100	0	Mage Power!	1
3030100	1	I Can Help Too!	1
3030100	2	Space Out	35
3030101	0	Trick Light	1
3030101	1	Persistive Augmentation	1
3030101	2	Benediction	35
3030102	0	Special Potion II	1
3030102	1	Resist Potion	1
3030102	2	Growth Potion	35
3030103	0	Time to Shine!	1
3030103	1	Faint	1
3030103	2	I Got Your Back!	35
3030104	0	Hadoken	1
3030104	1	Shouryuken	1
3030104	2	Senpukyaku	35
3030105	0	Hyakuretsukyaku	1
3030105	1	Qigong Fist	1
3030105	2	Spinning Bird Kick	35
3030106	0	Sea Cutlass II	1
3030106	1	Turbulizer Shot	1
3030106	2	Ocean Sense	35
3030107	0	Arm Destruction	1
3030107	1	Risky Distraction	1
3030107	2	Wall Bash	35
3030108	0	Blade Impulse	1
3030108	1	Wogenstrom	1
3030108	2	Southern Cross	35
3030109	0	Magnanimous Heart 120%	1
3030109	1	Comforting Rainmaker	1
3030109	2	Headbutt of Love	35
3030110	0	Inseparability	1
3030110	1	Hidden Tiger, Crouching Dragon	1
3030110	2	Alliance	35
3030111	0	Charley Horse	1
3030111	1	Porridge	1
3030111	2	Hurray!	35
3030112	0	Triburst	1
3030112	1	Bonfire	1
3030112	2	Crazy Blitz	35
3030113	0	Shooting Star	1
3030113	1	Agile Archer	1
3030113	2	Sunbraden	35
3030114	0	Elmekia Lance	1
3030114	1	Recovery	1
3030114	2	Mega Brand	1
3030114	3	Burst Flare	35
3030115	0	Demona Crystal	1
3030115	1	Detoxify	1
3030115	2	Van Rail	1
3030115	3	Vice Freeze	35
3030116	0	Steel Gram	1
3030116	1	Full Break II	1
3030116	2	Beastial Power	35
3030117	0	Human Bullet Strength	1
3030117	1	Human Bullet Speed	1
3030117	2	Human Bullet Strike	35
3030118	0	Clover Brand	1
3030118	1	Hope of Tomorrow	1
3030118	2	Everchanging	35
3030119	0	Heat Blitz II	1
3030119	1	Brute Force II	1
3030119	2	Sister's Letter	35
3030120	0	Wings Alight	1
3030120	1	Full Spark	1
3030120	2	Alleged Surprise	35
3030121	0	Sensitive Heart	1
3030121	1	Sweet Smile	1
3030121	2	Little Bernard	35
3030122	0	Snow Moon Flowers	1
3030122	1	Love and Peace	1
3030122	2	Re-Command	35
3030123	0	Awesome Sauce	1
3030123	1	Katalinator	1
3030123	2	Totally Forbidden Skillz	35
3030124	0	Right Patient, Right Cure	1
3030124	1	Immunodeficiency	1
3030124	2	Sudden Onset	35
3030125	0	Guren no Kata	1
3030125	1	Mujinkyaku	1
3030125	2	Guren Senha Metsu	35
3030126	0	Dash Spinning Mixer	1
3030126	1	Whirlwind Shot	1
3030126	2	Ysaar	35
3030127	0	Flashfury Claw	1
3030127	1	Tornado Threat	1
3030127	2	Stunning Strike	35
3030128	0	Hexor II	1
3030128	1	Strong Arm II	1
3030128	2	Attract	35
3030129	0	Riot Blade	1
3030129	1	Protection	1
3030129	2	Braver	35
3030130	0	Makiwara Kiri	1
3030130	1	Ouka Houshin	1
3030130	2	Hyakka Ryoran	35
3030131	0	Gabriel and Raphael	1
3030131	1	Sacre de Lumiere	1
3030131	2	Grasse au Suieru	35
3030132	0	Quickdraw	1
3030132	1	Turning Swallow	1
3030132	2	Rallizes Overrun	35
3030133	0	Swiftarm Slash	1
3030133	1	Omar's Wisdom	1
3030133	2	Indiqi Gain	35
3030134	0	Objective	1
3030134	1	Pinpoint Assassination	1
3030134	2	Hide	35
3030135	0	Good Morning / Nighty Night	1
3030135	1	Light Sleeper / Sleep Tight	1
3030135	2	Dream Sharing	1
3030135	3	Heavy Sleeper / Don't Let the Bedbugs Bite	35
3030136	0	Hell Pyre	1
3030136	1	Rising Phoenix	1
3030136	2	Fiery Beast	35
3030137	0	Charge	1
3030137	1	Revitalize	1
3030137	2	Holy Lance	35
3030138	0	Teepo Roar	1
3030138	1	Dread Wings	1
3030138	2	Resurrection	35
3030139	0	Drill Bit	1
3030139	1	Deep Drilling	1
3030139	2	Elbow Grease	35
3030140	0	Prakriti II	1
3030140	1	Rishabha	1
3030140	2	Maalouf	35
3030141	0	Blaster Slash	1
3030141	1	Mega Scutum	1
3030141	2	Smash Counter	35
3030142	0	Moderato	1
3030142	1	Concentre	1
3030142	2	Finale	35
3030143	0	Adagio	1
3030143	1	Concentre	1
3030143	2	Finale	35
3030144	0	Animato	1
3030144	1	Concentre	1
3030144	2	Finale	35
3030145	0	Largo	1
3030145	1	Concentre	1
3030145	2	Finale	35
3030146	0	Vivace	1
3030146	1	Concentre	1
3030146	2	Finale	35
3030147	0	Splish Splash	1
3030147	1	Sandcastle Fun	1
3030147	2	Bene Litus	35
3030149	0	Crossfade	1
3030149	1	Remix	1
3030149	2	Chill Out	35
3030150	0	Diva Devotion	1
3030150	1	Offstage	1
3030150	2	Cheer	35
3030151	0	Fleet of Foot	1
3030151	1	Sure of Hand	1
3030151	2	Pure of Soul	35
3030152	0	Amplifier	1
3030152	1	Volleying Shot	1
3030152	2	Blast It!	35
3030153	0	Pegu Pegu!	1
3030153	1	Peggy Peh-Pen!	1
3030153	2	Oh My Bahamut!	35
3030154	0	Deductive Skills	1
3030154	1	Bluff	1
3030154	2	Bulldoze	35
3030155	0	Take Cover	1
3030155	1	More Boom, More Fun!	1
3030155	2	Gatling Barrage	35
3030156	0	Ether Cast II	1
3030156	1	Unleash	1
3030156	2	Adorable Cats	35
3030157	0	Pungiglione dell'Ape	1
3030157	1	Becco di Falco	1
3030157	2	Silenzio	35
3030159	0	Viel Erfolg	1
3030159	1	Blockade	1
3030159	2	Nachtangriff	35
3030160	0	Star Magic	1
3030160	1	Twinkling Stars	1
3030160	2	Icy Smile	35
3030161	0	Wish for Joy	1
3030161	1	Cuddle Time	1
3030161	2	Circle of Friends	35
3030162	0	Abbysian Magic / Wings of the Fallen Angel	1
3030162	1	Crimson Zeal / Rozen Storm	1
3030162	2	Awakening Pulse / Soul Guide	65
3030163	0	Nayde Sinine	1
3030163	1	Nayde Vanaroosa	1
3030163	2	Soaring Star	35
3030164	0	Heal	1
3030164	1	Frozen Ripples	1
3030164	2	Crystal Wall	35
3030165	0	Silverfrost Barrier	1
3030165	1	Frozen Gale	1
3030165	2	White Heal	35
3030166	0	Road Runabout	1
3030166	1	Backfire	1
3030166	2	Gear Shift	35
3030167	0	Shadow Sense	1
3030167	1	Backstab II	1
3030167	2	Breakdown	35
3030168	0	Zerreissen	1
3030168	1	Gluehen	1
3030168	2	Traumerei	45
3030169	0	Flashfury Claw	1
3030169	1	Charm Storm	1
3030169	2	Stunning Strike	35
3030170	0	See No Evil	1
3030170	1	Hear No Evil	1
3030170	2	Speak No Evil	35
3030171	0	Whitefire Blade	1
3030171	1	Slash Streak	1
3030171	2	Nightbloom Flurry	35
3030172	0	Hull Breacher	1
3030172	1	High-End Windskin	1
3030172	2	Ultra Beatdown	35
3030173	0	Kogetsuzan	1
3030173	1	Zankousen	1
3030173	2	Senpuu Retsuzan	35
3030174	0	Annu Mutsube	1
3030174	1	Yatoro Pokku	1
3030174	2	Kamui Mutsube	35
3030175	0	A Friendly Push	1
3030175	1	Powderize II	1
3030175	2	Manhunt	35
3030176	0	Aqua Edge	1
3030176	1	Cyan Cloak	1
3030176	2	Slash Assault	35
3030177	0	Spark Raid	1
3030177	1	Sky High Blast	1
3030177	2	Electron Blade	35
3030178	0	Cast Away the Dew	1
3030178	1	Towel Dry	1
3030178	2	Blind Blade	35
3030179	0	Fairy Circle	1
3030179	1	Shining Sprite	1
3030179	2	Elemental Lance	35
3030180	0	Soul Conversion	1
3030180	1	Lost Heart	1
3030180	2	Death's Corruption	35
3030181	0	Taking Your Lumps	1
3030181	1	Awed and Inspired	1
3030181	2	What a Guy	35
3030182	0	Rousing Wind	1
3030182	1	Roaring Fire	1
3030182	2	Healing Water	1
3030182	3	Enduring Earth	35
3030183	0	Enchanted Foil	1
3030183	1	Enchanted Foil II	1
3030183	2	Flicker of Tears	35
3030184	0	Bagua Blade	1
3030184	1	Desperate Times	1
3030184	2	Valor Rising	35
3030185	0	Deep Breath	1
3030185	1	Loudmouth	1
3030185	2	Lucky Laughing Fit	35
3030186	0	It's Springtime!	1
3030186	1	Wheee!	1
3030186	2	Cheers!	35
3030187	0	Shooting Star	1
3030187	1	Agile Archer	1
3030187	2	Aimed Shot II	35
3030188	0	Counterpoint	1
3030188	1	Valiant Shield	1
3030188	2	Demoralize	35
3030189	0	Collapse	1
3030189	1	Phantasmagoria	1
3030189	2	Reinforce	35
3030190	0	Assault Shift	1
3030190	1	Stealth Ring	1
3030190	2	Kill Sight	35
3030191	0	A la Mode	1
3030191	1	Chevalerie	1
3030191	2	Cuisine Parfaite	35
3030192	0	Tempura Moon	1
3030192	1	Shilt Steak	1
3030192	2	Spaghetti Centurion	35
3030193	0	Enchanting Smile	1
3030193	1	Angel's Breath	1
3030193	2	Venus Pierce	35
3030194	0	Enchanting Fragrance	1
3030194	1	Energizing Incense	1
3030194	2	Epiphany Epitome / Seventh Heaven	35
3030195	0	Light Reversal	1
3030195	1	Revelation	1
3030195	2	March of the Brave	35
3030196	0	Yataghan	1
3030196	1	Bunaltmak	1
3030196	2	Golge Adim	35
3030197	0	Black Down / Black Down Unbound	1
3030197	1	Camouflage / Can't Touch This	1
3030197	2	Walder the Super Ranger / I Am a Hero!	35
3030198	0	Dolphin Moon	1
3030198	1	Flamme Shilt	1
3030198	2	Sword of Lumiel	35
3030199	0	Blazing Break	1
3030199	1	Schnell Counter	1
3030199	2	Last Stand	35
3030200	0	Enchanted Fire	1
3030200	1	Flame Out	1
3030200	2	Acceleration	35
3030201	0	Oceanrifter	1
3030201	1	Wavebreaker Palm	1
3030201	2	Nirvana Rising	45
3030202	0	Slayin' the Look	1
3030202	1	ZOMG! Fer realz?	1
3030202	2	Makeup on Fleek	45
3030203	0	Char	1
3030203	1	Brand	1
3030203	2	Sear	35
3030204	0	Blaze Reader	1
3030204	1	Ashen Break	1
3030204	2	Mana Dracoflame	35
3030205	0	Mukounuki Strike	1
3030205	1	Steely Stance	1
3030205	2	Blade Locus	35
3030206	0	Samidare Slash	1
3030206	1	Caped Cutoff	1
3030206	2	Replica Allusion	35
3030207	0	Enchanted Arms	1
3030207	1	Saving Slash	1
3030207	2	Doom Slash	35
3030208	0	Flamestrike	1
3030208	1	Fists of the Dragon	1
3030208	2	Vigor Unleashed	35
3030209	0	Examine Target	1
3030209	1	Deduce Attack Patterns	1
3030209	2	Weed Out False Evidence	35
3030210	0	Chain Graze	1
3030210	1	Leuchten	1
3030210	2	Way of the Amethyst	35
3030220	0	Rev 'n' Rhythm	1
3030220	1	Pumpkin-Bag	1
3030220	2	Nitrombone	35
3030221	0	Leuven Bat	1
3030221	1	Twilight Passage	1
3030221	2	Abend Order	35
3030222	0	Two Birds, One Punch	1
3030222	1	The Punchline	1
3030222	2	Windreader's Aid	35
3030223	0	Eye of the Sparrow	1
3030223	1	Minazuki	1
3030223	2	Rite of Dawn	35
3030224	0	Swordstorm	1
3030224	1	Phoenix Plume Stance	1
3030224	2	Harmony Complete	35
3030225	0	Heilung	1
3030225	1	Freundlich	1
3030225	2	Glauben	35
3030226	0	Schneiden	1
3030226	1	Beherit	1
3030226	2	Ehrgeiz	35
3030227	0	Carpe Diem	1
3030227	1	Aufbegehren	1
3030227	2	Trommelfeuer	35
3030228	0	Jolly Volley	1
3030228	1	Couronne de Noel	1
3030228	2	Plan de Cadeaux	35
3030229	0	Spirit Pulse	1
3030229	1	Evanescence	1
3030229	2	Clucky Doodle-doo	35
3030230	0	Brave First Step	1
3030230	1	Awareness	1
3030230	2	Thrills and Spills	35
3030231	0	Spear of Arvess	1
3030231	1	Rhapsody	1
3030231	2	Signo Drive	35
3030232	0	Ramen Mania	1
3030232	1	Extra Spicy Tanmen	1
3030232	2	To the Last Drop	35
3030233	0	Bringer of Blessings	1
3030233	1	Force Novus	1
3030233	2	Thunder	35
3030234	0	High Kick II	1
3030234	1	Solid Combo	1
3030234	2	Sway	35
3030235	0	Butter Flutter	1
3030235	1	I'd Walk 10,000 Miles	1
3030235	2	My Everything	35
3030236	0	Song of Rekindling	1
3030236	1	Wrapped With Love	1
3030236	2	Embrace of the Phoenix	35
3030237	0	Bird of Prey	1
3030237	1	Skycry Solace	1
3030237	2	Eaglecry Solace	35
3030238	0	Bob and Weave	1
3030238	1	One-Two Punch	1
3030238	2	Sweet Knockout	35
3030239	0	Identification	1
3030239	1	Bluff	1
3030239	2	Bulldoze II	35
3030240	0	Ringleader's Whip	1
3030240	1	Stacking Sensation	1
3030240	2	Rallying Cry	35
3030241	0	Stone Cutter	1
3030241	1	Lunar Dance	1
3030241	2	Mending	35
3030242	0	Let Off Steam	1
3030242	1	Aqua Wreath	1
3030242	2	Flying Feet of Fury	35
3030243	0	Boulder-Breaking Maelstrom	1
3030243	1	Tonfa Kick	1
3030243	2	Fighter's Reprieve	35
3030244	0	Enchanting Song	1
3030244	1	I'll Sing for You	1
3030244	2	Prismatic Concerto	35
3030245	0	Fateweaver	1
3030245	1	Dawn till Dusk	1
3030245	2	Ardent Blade	35
3030246	0	Night is Coming	1
3030246	1	Peccatum Mortale	1
3030246	2	Rebellious Youth	35
3030247	0	Princess of Peace	1
3030247	1	Sparkling All-Stars	1
3030247	2	Sunset Memories	35
3030248	0	Snap Sword	1
3030248	1	Summer Battle Cry!	1
3030248	2	Clear Mind, Focused Heart	35
3030249	0	Sickle Moon	1
3030249	1	Tabula Rasa	1
3030249	2	Navagraha	35
3030250	0	Drilling Holes	1
3030250	1	Blasting Set	1
3030250	2	Weapon Forge	35
3030251	0	Hang Ten	1
3030251	1	Off the Lip II	1
3030251	2	Windswell	35
3030252	0	It's Lit	1
3030252	1	Gigantic Bod	1
3030252	2	R & R	35
3030253	0	Imperial Strike	1
3030253	1	Yessir	1
3030253	2	Onward We March	35
3030254	0	Soulful Fist	1
3030254	1	Howling Counter	1
3030254	2	Put Up Your Dukes	35
3030255	0	Vereinter Schnitt	1
3030255	1	Herzhaft	1
3030255	2	Sturmhaftigkeit	35
3030256	0	Snack It Up	1
3030256	1	Get Baking	1
3030256	2	Snack It Up II	35
3030257	0	Stolz	1
3030257	1	Panzer Beschuss	1
3030257	2	Vier	35
3030258	0	Clover Brand	1
3030258	1	Stripping the Evil	1
3030258	2	Serrated Edge	35
3030259	0	Charley Horse	1
3030259	1	Rice Puddin'	1
3030259	2	Present from Yaia	35
3030261	0	Solid Splatter	1
3030261	1	Recurrent Drive	1
3030261	2	Exaltation	35
3030262	0	Integrate	1
3030262	1	Long Stride	1
3030262	2	Optimize	35
3030263	0	Gideon	1
3030263	1	Chain Fire	1
3030263	2	Crazy Blitz II	35
3030264	0	Cat Got Your Heart	1
3030264	1	Smoke of War	1
3030264	2	Cafe Cat	35
3030265	0	Blinding Flash	1
3030265	1	Phoenix Plume Stance	1
3030265	2	Quickdraw Stance	35
3030266	0	Tranchant	1
3030266	1	Consolatrice	1
3030266	2	Toujours Ensemble	35
3030267	0	Victorious High	1
3030267	1	Ambitious Low	1
3030267	2	Raise	35
3030268	0	Refreshing Breeze	1
3030268	1	Dancing Maple Leaves	1
3030268	2	Glistening Dew	35
3030269	0	Dual Azure	1
3030269	1	Rallying Cheer	1
3030269	2	Brave Order	35
3030270	0	A Question for You	1
3030270	1	Here's a Follow-Up	1
3030270	2	Panta Rhei	35
3030271	0	Everyone Go Home	1
3030271	1	Believe In Yourself	1
3030271	2	Fabulous Heals	35
3030272	0	Southern Cross	1
3030272	1	Arm Crusher	1
3030272	2	Drachen Waechter	35
3030273	0	Rational Response	1
3030273	1	Broadened Horizons	1
3030273	2	Guaranteed Returns	35
3030274	0	Evening Swipe	1
3030274	1	Moonlit Blade	1
3030274	2	Brilliant Wisdom	35
3030275	0	Organic Heal	1
3030275	1	Renoncule	1
3030275	2	Brise de Fleurs	35
3030276	0	Behandeln	1
3030276	1	Herzens Zaehlen	1
3030276	2	Orkvogel	35
3030277	0	Have a Treat!	1
3030277	1	You're Toast!	1
3030277	2	Curl Up and Die!	35
3030278	0	Enhancement Dice II	1
3030278	1	Deadlock Dice	1
3030278	2	Charged Dice	35
3040000	0	Fracture	1
3040000	1	Rebellion	1
3040000	2	Noblesse Oblige	45
3040001	0	Battleplan: Surround	1
3040001	1	Battleplan: Crane Down	1
3040001	2	Battleplan: Crescent Moon	45
3040002	0	Order	1
3040002	1	Discord	1
3040002	2	Speed	45
3040003	0	Adamant Solace	1
3040003	1	Strike Solace	1
3040003	2	Stormwind's Solace	45
3040004	0	Jewel Mirror	1
3040004	1	Glorious Flame	1
3040004	2	Regeneration	45
3040005	0	Dark Energy	1
3040005	1	Deep Down	1
3040005	2	Bane	45
3040006	0	Eye of the Sparrow	1
3040006	1	Gurren	1
3040006	2	Rite of Dawn	45
3040006	3	Third Dance: Jinka	100
3040007	0	Silverfrost Barrier	1
3040007	1	Frozen Gale	1
3040007	2	White Heal	45
3040008	0	Mad Veil	1
3040008	1	Hitch Force	1
3040008	2	Holy Suction	45
3040008	3	Void Soul	100
3040009	0	Collapse	1
3040009	1	Phantasmagoria	1
3040009	2	Reinforce	45
3040010	0	Blue Moon	1
3040010	1	Kni Shilt	1
3040010	2	Sword of Lumiel	45
3040011	0	Eruption	1
3040011	1	Wall	1
3040011	2	Walpurgis	45
3040011	3	Sanction	90
3040012	0	Bowstring Bow	1
3040012	1	Starry Sky	1
3040012	2	The Great Fall	45
3040013	0	Quick Raid	1
3040013	1	Royal Curtain	1
3040013	2	Regulus Gloria	45
3040014	0	Prism Pillar	1
3040014	1	Cure Light	1
3040014	2	Gleaming Mirror	45
3040015	0	Red Wind	1
3040015	1	Flowery Light	1
3040015	2	Sunny Days	45
3040016	0	Absorption	1
3040016	1	Disillusion	1
3040016	2	Triad Deception	45
3040017	0	Fortitude	1
3040017	1	Turn the Tables	1
3040017	2	Kagutsuchi	45
3040018	0	Second Deal	1
3040018	1	Jackpot Knock	1
3040018	2	Stairway To Heaven	45
3040019	0	Heaven's Moon	1
3040019	1	Tabula Rasa	1
3040019	2	Nakshatra	45
3040019	3	Gaze into Crystal Ball / End Gaze	90
3040020	0	Plasmic Thrust	1
3040020	1	Trick-and-Treat	1
3040020	2	Mystic Boon	45
3040021	0	Mistral Bouquet	1
3040021	1	Renaissance	1
3040021	2	Espoir	45
3040021	3	Forget Me Not	100
3040022	0	Raging Flow	1
3040022	1	Engrave Fang	1
3040022	2	Impelliteri	45
3040023	0	Blade Impulse	1
3040023	1	Wogenstrom	1
3040023	2	Southern Cross	45
3040024	0	Medicament	1
3040024	1	Clear	1
3040024	2	Metanoia	45
3040025	0	Uwe	1
3040025	1	Manigance	1
3040025	2	Delirium	45
3040026	0	Rosa Alba	1
3040026	1	Snowthorn Barrier	1
3040026	2	Illuminati Flow	45
3040027	0	All of Creation	1
3040027	1	All is Vanity	1
3040027	2	Hidden Tiger, Crouching Dragon	45
3040027	3	Fleece of Champions	90
3040028	0	Spear of Arvess	1
3040028	1	Rhapsody	1
3040028	2	Thousand Flames	45
3040029	0	Great Scythe Grynoth	1
3040029	1	Instinction	1
3040029	2	Forgotten Tales	45
3040030	0	Spiral Spear	1
3040030	1	Fleeting Spark	1
3040030	2	Arm the Bastion	45
3040030	3	One-Rift's Benediction	100
3040031	0	Merculight	1
3040031	1	Depravity	1
3040031	2	Clincher	45
3040031	3	Two-Crown's Strife	100
3040032	0	Vorpal Rage	1
3040032	1	Berserk Forge	1
3040032	2	Ground Zero	45
3040032	3	Three-Tiger's Blessing	100
3040033	0	Gammadion Cross	1
3040033	1	Carnage	1
3040033	2	Avirati	45
3040033	3	Four-Sky's Sorrow	100
3040034	0	Sunshine	1
3040034	1	Blessing of Light	1
3040034	2	Reincarnation	45
3040034	3	Five-Soul's Charity	100
3040035	0	Gate of Sin	1
3040035	1	Thunderflash	1
3040035	2	Gate of Demons	45
3040035	3	Six-Ruin's Enlightenment	100
3040036	0	Emblema	1
3040036	1	Infinito Creare	1
3040036	2	Cuore di Leone	80
3040036	3	Seven-Star's Brilliance	100
3040037	0	Open Spirit	1
3040037	1	Purgatory	1
3040037	2	Dance of the Gods	45
3040037	3	Eight-Life's Pilgrimage	100
3040038	0	Ninna Nanna	1
3040038	1	Qualia	1
3040038	2	Defendu	45
3040038	3	Nine-Realm's Security	100
3040039	0	Intense Bullet	1
3040039	1	The Final Order	1
3040039	2	Stardust	45
3040039	3	Ten-Wolf's Triumph	100
3040040	0	Reversal	1
3040040	1	Encouragement	1
3040040	2	Advent Eternal	45
3040041	0	Maestitia	1
3040041	1	Quadriga	1
3040041	2	Emeth	45
3040042	0	War Hoop	1
3040042	1	Kaleidoscope	1
3040042	2	All Sensation	45
3040043	0	Layer Rise II	1
3040043	1	Evening Existence	1
3040043	2	Affection Oath	45
3040043	3	Luminiera Merge	90
3040044	0	First Dance: Kagura	1
3040044	1	Sixth Dance: Bizen	1
3040044	2	Closing Dance: Tokiyomi	45
3040045	0	Impulse Slash	1
3040045	1	Electron Blade	1
3040045	2	Lightning Burst	45
3040045	3	Thunder Raid	95
3040046	0	Nano Analyze	1
3040046	1	Eclipse	1
3040046	2	Atomic Resolution	45
3040047	0	Illusion	1
3040047	1	Celestial Phenomenon	1
3040047	2	Elemental Breath	45
3040048	0	Sleepless Dream	1
3040048	1	Unia	1
3040048	2	Forbidden Curse	45
3040049	0	Eagle Eye	1
3040049	1	Tactician	1
3040049	2	Dead Specimen	45
3040049	3	A Shot in the Dark	100
3040050	0	Zerreissen	1
3040050	1	X-Seele	1
3040050	2	Traeumerei	45
3040051	0	Bal-Sagoth	1
3040051	1	Power Within	1
3040051	2	Half-God Half-Demon	45
3040052	0	Skybreaker / Infernal Skybreaker	1
3040052	1	Branding Palm / Flashbeat Branding Palm	1
3040052	2	Avidya / True Avidya	45
3040053	0	Fascinate	1
3040053	1	Estrella Sprite	1
3040053	2	Lyst	45
3040054	0	Enchanted Lands	1
3040054	1	Loengard	1
3040054	2	Light Wall Divider	45
3040054	3	Vow by the Sword	95
3040055	0	Envy Doll	1
3040055	1	Grim Reaper II	1
3040055	2	Upgrade	45
3040056	0	Rhymes	1
3040056	1	Rhapsody	1
3040056	2	Arvess Swing	45
3040057	0	Testament	1
3040057	1	Scarlet Gift	1
3040057	2	Charm Throb	45
3040058	0	Philanthropy	1
3040058	1	Secret Garden	1
3040058	2	Euphoria	45
3040059	0	Spitfire	1
3040059	1	Duration II	1
3040059	2	Double Tap	45
3040059	3	Guiding Firearm	95
3040060	0	Graven Image	1
3040060	1	Autumnal	1
3040060	2	Reckoning Night	45
3040061	0	Three Way Destruction!	1
3040061	1	Flight II	1
3040061	2	Victory Charge	45
3040062	0	Collapse	1
3040062	1	Paranormal Phantasm	1
3040062	2	Reinforce	45
3040063	0	Butterfly Effect	1
3040063	1	Transient	1
3040063	2	Kyokasuigetsu	45
3040063	3	Glasswing Waltz	100
3040064	0	Awakening	1
3040064	1	Hymn of the Hundreds	1
3040064	2	Perpetual Rotation	45
3040065	0	Flowery Seven	1
3040065	1	Heal III	1
3040065	2	Mystic Vortex	45
3040066	0	I Miss You So Much...	1
3040066	1	Wings Shall Deliver You	1
3040066	2	And the Seasons Go On	45
3040067	0	Atomic Annihilation	1
3040067	1	Alpha Decay	1
3040067	2	Beta Decay	1
3040067	3	Amorphous	45
3040068	0	Elegant Rose Barrier	1
3040068	1	Iron Maiden	1
3040068	2	Imrryr	45
3040069	0	Flamek Thunder	1
3040069	1	Anti-Social	1
3040069	2	Slow Death	45
3040070	0	Embrasque Sword	1
3040070	1	Unification	1
3040070	2	Soaring Star	45
3040071	0	Unborn, Undying	1
3040071	1	Sage of Eternity	1
3040071	2	Tricumulo	1
3040071	3	Multi-Decree	95
3040072	0	Starry Sky	1
3040072	1	Adorned Remittance	1
3040072	2	Descent of the Flames	45
3040073	0	Vergiften	1
3040073	1	Grausam	1
3040073	2	Hinrichten	45
3040074	0	Nocturnal	1
3040074	1	Ivsa Lora	1
3040074	2	Violet Assassination	45
3040075	0	Sunlight Radium	1
3040075	1	Flare	1
3040075	2	New Faith	45
3040076	0	Judgment Night	1
3040076	1	Bloody Garden	1
3040076	2	Legendary Warriors	45
3040077	0	Intercept II	1
3040077	1	Sudden Attack	1
3040077	2	Autoignition	45
3040078	0	Spinning Slash	1
3040078	1	Prism Halo	1
3040078	2	Thunder	45
3040078	3	Bisection	80
3040079	0	Can't Catch Me!	1
3040079	1	You're Toast!	1
3040079	2	Say Goodbye!	45
3040080	0	Anti-Reversal	1
3040080	1	Incision	1
3040080	2	Eternal Chaos	45
3040081	0	Noir et Blanc	1
3040081	1	Des Vetements	1
3040081	2	Viscos	45
3040082	0	Quadspell	1
3040082	1	Drain / Onyx Drain	1
3040082	2	Acumen	45
3040082	3	Protector's Sword	95
3040083	0	Waves of Fire	1
3040083	1	Flame Wreath	1
3040083	2	Thunder	45
3040084	0	Guilty Break	1
3040084	1	Jolt Counter II	1
3040084	2	Ashen Roar	45
3040085	0	La Nina	1
3040085	1	Roselle	1
3040085	2	Stand in Line	45
3040086	0	Blackwyrm Lash	1
3040086	1	Battlecry	1
3040086	2	Conqueror Wing	45
3040087	0	Immovable Talisman III	1
3040087	1	Armorsmash Quad Talisman	1
3040087	2	Groundhold Talisman	45
3040088	0	Jumpstart My Heart	1
3040088	1	Wild and Tough	1
3040088	2	No Mercy	45
3040088	3	Odyssey	100
3040089	0	Butterfly Effect	1
3040089	1	Physical Endurance	1
3040089	2	Mental Focus	45
3040090	0	Zerreissen	1
3040090	1	Gluehen	1
3040090	2	Faszination	45
3040091	0	Carry On	1
3040091	1	Graven Image	1
3040091	2	Reckoning Night	45
3040092	0	Resolution	1
3040092	1	Conjunction	1
3040092	2	Thunder	45
3040093	0	Challenge Letter	1
3040093	1	Riddle Me This	1
3040093	2	A Spectacular Heist	45
3040094	0	Inner Fire	1
3040094	1	Noble Blood	1
3040094	2	Scarlet Slayer	45
3040095	0	First Dance: Shimotsuki	1
3040095	1	Sixth Dance: Unryu	1
3040095	2	Closing Dance: Tokiyomi-aratame	45
3040096	0	Fulmine Bianco	1
3040096	1	Vangelo	1
3040096	2	Cielo della Grazia	45
3040098	0	Lama Acuta	1
3040098	1	Credenza	1
3040098	2	Fiamma Blu	45
3040099	0	Flamek Thunder	1
3040099	1	Tonight I Fly	1
3040099	2	Wasted Earth	45
3040100	0	Niflheim	1
3040100	1	Farewell	1
3040100	2	Immutable Faith	45
3040101	0	Sonic Boom	1
3040101	1	First Aid	1
3040101	2	Stalwart Command	45
3040102	0	Continuum	1
3040102	1	Right Hairsaber	1
3040102	2	Left Hairsaber	45
3040103	0	Dance of Delirium	1
3040103	1	Alluring Step	1
3040103	2	Captivation	45
3040104	0	Let it Snow	1
3040104	1	Tabula Rasa	1
3040104	2	Gaze into Snow Globe / End Gaze	45
3040105	0	No Surrender / No Regrets	1
3040105	1	Steadfast Shield / Ardent Blade	1
3040105	2	Suppression / Unfettered	45
3040106	0	Revelation	1
3040106	1	Out of the Ashes	1
3040106	2	Awakenings	45
3040107	0	Spirit Drums	1
3040107	1	Finding Flight	1
3040107	2	Feather the Nest	45
3040108	0	Unholy Warcry	1
3040108	1	Mystic Moon	1
3040108	2	Reign of Terror	45
3040109	0	Absolute Gerechtigkeit	1
3040109	1	Ausbruch	1
3040109	2	Uebel Zerstoeren	45
3040110	0	Nayde Sinine / Nayde Kollane / Nayde Valge	1
3040110	1	Nayde Vanaroosa	1
3040110	2	Soaring Star	45
3040111	0	Puppet Strings	1
3040111	1	Ancestral Aegis	1
3040111	2	Oblivion	45
3040112	0	Shining Star	1
3040112	1	Infinite Wonders	1
3040112	2	Signo Nero	45
3040113	0	Serenity Shimmer	1
3040113	1	Inspire Light	1
3040113	2	Glitter Reflection	45
3040115	0	Blitzkrieg	1
3040115	1	Sword Switch	1
3040115	2	Redouble	45
3040116	0	Full Barrage	1
3040116	1	Refuel	1
3040116	2	Aether Beam	45
3040117	0	Arm Destruction II	1
3040117	1	Breakthrough	1
3040117	2	Soul Eruption	45
3040118	0	Enchanted Lands	1
3040118	1	Recoup	1
3040118	2	Light Wall Divider	45
3040119	0	Fair Trick	1
3040119	1	Switcheroo	1
3040119	2	Fool You Thrice	45
3040120	0	Arcana Evolution	1
3040120	1	Nehushtan	1
3040120	2	Nucleosynthesis	45
3040121	0	Power Inhibitor	1
3040121	1	Photolysis	1
3040121	2	Atomic Resolution	45
3040122	0	Deirdre's Aura	1
3040122	1	Power Seeker	1
3040122	2	Dragon's Heart	45
3040123	0	Evil Eye	1
3040123	1	Vengeful Eyes	1
3040123	2	Lethal Gaze	45
3040124	0	Valiant Shield	1
3040124	1	Sacred Surge	1
3040124	2	Noble Sacrifice	45
3040125	0	Blathnat Norn	1
3040125	1	Ziggurat	1
3040125	2	Cerasus Gratia	45
3040126	0	Jotunheimr	1
3040126	1	Blizzard	1
3040126	2	White Wyrm	45
3040127	0	Ligne d'Ete	1
3040127	1	Soie Elegante	1
3040127	2	Croquis d'Ete	45
3040128	0	Delivrance	1
3040128	1	Messager	1
3040128	2	L'Ombre d'Hier	45
3040129	0	Summer Encore	1
3040129	1	Onstage	1
3040129	2	Standing Ovation	45
3040130	0	Mana Agni	1
3040130	1	Cleansing Burst	1
3040130	2	Dragonheart	45
3040131	0	Goami Flash	1
3040131	1	Tempered Shine	1
3040131	2	Touken Barrier	45
3040132	0	Anti-Collision Spell	1
3040132	1	Follow the Princess	1
3040132	2	Radiant Calling	45
3040133	0	Sledge Strike / Cry Thunder	1
3040133	1	Half Dragon / Fury of the Storm	1
3040133	2	Full Acceleration / Gloria	45
3040134	0	The Maid Variable	1
3040134	1	Maximum Service / Wachter	1
3040134	2	Keeping It Clean / Door Knocker	1
3040134	3	Servant Sterben	45
3040135	0	Frightening Puppet	1
3040135	1	Trick Reaper	1
3040135	2	Saures	45
3040136	0	Jump	1
3040136	1	Watery	1
3040136	2	Thunder	1
3040136	3	Flower	45
3040137	0	Merciless Doom	1
3040137	1	Thanatos Bane	1
3040137	2	Malice Wing	45
3040138	0	Starlit Sky	1
3040138	1	Call of the Fire	1
3040138	2	Prelude Dance: Taika	45
3040140	0	Blade Impulse	1
3040140	1	Turbulenz	1
3040140	2	Ritterorden	45
3040141	0	Aegis Merge	1
3040141	1	Blade of Light	1
3040141	2	Divine Weapon	45
3040142	0	Carpe Diem	1
3040142	1	Keine Gnade	1
3040142	2	Riesenjagd	45
3040143	0	Snowdrop	1
3040143	1	Piece of Cake	1
3040143	2	Merry Sparkle	45
3040144	0	Boost Morale	1
3040144	1	Fire Command	1
3040144	2	Activate Dromos	45
3040145	0	Sterling Sea	1
3040145	1	Peccatum Mortale	1
3040145	2	Nevermore	45
3040146	0	Soul Forge	1
3040146	1	Battalions of Fear	1
3040146	2	Welcome to Death	45
3040147	0	Okami	1
3040147	1	Canid Growl	1
3040147	2	Hound of the Hunt	45
3040148	0	Sacred Hell	1
3040148	1	Evensong	1
3040148	2	Ear Ringer	45
3040149	0	Certamen	1
3040149	1	Indicum	1
3040149	2	Caerula Gladius	45
3040150	0	Convergence	1
3040150	1	Ray Strike	1
3040150	2	The Last Wish	45
3040151	0	Sparkling Eyes	1
3040151	1	Magical Medusiana	1
3040151	2	Eyes for Only You	45
3040152	0	Winds of Blessing	1
3040152	1	Crippling Storm	1
3040152	2	Wind Cloak	45
3040153	0	Alone in Heaven	1
3040153	1	Ecliptica	1
3040153	2	The Power of One	45
3040154	0	Reversal Tide	1
3040154	1	Salvation	1
3040154	2	Banner of the Brave	45
3040155	0	Repulsor Storm	1
3040155	1	Iris Arc	1
3040155	2	Blaster Array	45
3040156	0	Bio Blade	1
3040156	1	Willow Counter	1
3040156	2	Giga Shield	45
3040157	0	Sleeping Kogorō	1
3040157	1	Criminal Tracking Glasses	1
3040157	2	Bicycle Kick	1
3040157	3	Epiphany Flash	45
3040158	0	Uncrossable Realm	1
3040158	1	Nibelung Silt	1
3040158	2	Lagulf	45
3040159	0	Explosive Keg	1
3040159	1	Shoot 'Em Up	1
3040159	2	Armslore	45
3040160	0	Abraxas	1
3040160	1	Uguale	1
3040160	2	Fedelta	1
3040161	0	Strange Attractor	1
3040161	1	Crimson Nightmare	1
3040161	2	Indominus	1
3040162	0	Panzerfaust	1
3040162	1	Dreadnought	1
3040162	2	I'll Bet My Soul	1
3040163	0	Winds of Eternity	1
3040163	1	Silent Dream	1
3040163	2	Echoes of Tragedy	1
3040164	0	Double Deal	1
3040164	1	Beginning of Joker / End of Joker	1
3040164	2	Blank Face	1
3040165	0	Destructive Urges	1
3040165	1	Warbringer	1
3040165	2	Renegade Firebrand	1
3040166	0	First Movement: Bide	1
3040166	1	Second Movement: Overwhelm	1
3040166	2	Third Movement: Guard	1
3040167	0	Sun-Touched Paradise	1
3040167	1	Renatian Creed	1
3040167	2	Wrath of the Goddess	1
3040168	0	Boaz	1
3040168	1	Jachin	1
3040168	2	Phases of the Moon	1
3040169	0	World of Death and Love	1
3040169	1	Beloved	1
3040169	2	Last Love	1
3040170	0	Tenacious Will	1
3040170	1	Bravado Bullet	1
3040170	2	Macho Ultimatum	45
3040171	0	Freewheeling Scheme	1
3040171	1	Soldier's Swiftness	1
3040171	2	Bagua Blade Reborn	45
3040172	0	Facsimile II	1
3040172	1	Handsome Gorilla DA	1
3040172	2	Inspiration	45
3040173	0	Eiha	1
3040173	1	Sukunda	1
3040173	2	Tkachev	1
3040173	3	Dream Needle	45
3040174	0	Herz aus Eisen	1
3040174	1	Renie's Tears	1
3040174	2	Rufen	45
3040175	0	Diminuendo	1
3040175	1	Rondo Appassionato	1
3040175	2	All'improvista	45
3040176	0	Blue Rose Barrier	1
3040176	1	Celebration	1
3040176	2	Rosa Chinensis	45
3040177	0	Shadow Eaters	1
3040177	1	Future Nova	1
3040177	2	Hellfire Club	45
3040178	0	Ritter Shield II	1
3040178	1	Lucent Thrust	1
3040178	2	Aureate Stance	45
3040179	0	Mana Agni	1
3040179	1	Blazing Duo	1
3040179	2	Dragonheart	45
3040180	0	Throwdown Town	1
3040180	1	Fistfight City	1
3040180	2	Going Kamikaze	45
3040181	0	White Veil	1
3040181	1	Recognition	1
3040181	2	Mark of Indistinction	45
3040182	0	Ruthless Ricochet / Scharfe Schneide	1
3040182	1	Fallschirm / Hone Instincts	1
3040182	2	Cursed Malice / Energy Drain	45
3040183	0	Omoiyo Hitotsuninare	1
3040183	1	I Want to Shine!	1
3040183	2	Full Speed Ahead! Aye Aye!	1
3040183	3	Kimetayo Hand in Hand	45
3040184	0	Descend with Me	1
3040184	1	It's the Future, Zura!	1
3040184	2	I'll Do My Rubesty!	1
3040184	3	Reality Is Justice	45
3040185	0	Give Me a Hug	1
3040185	1	Bzzt! You're Wrong!	1
3040185	2	Shiny!	1
3040185	3	Mijuku Dreamer	45
3040186	0	Chain Glare	1
3040186	1	Violetshock Flare	1
3040186	2	Wind of Enforcement	45
3040187	0	Invisible Hawk	1
3040187	1	Insight	1
3040187	2	Blind Spot	45
3040188	0	Black Rush	1
3040188	1	White Counter	1
3040188	2	We Won't Give Up	1
3040188	3	Unshakable Bond	45
3040189	0	Night's Grace	1
3040189	1	Dusk's Descent	1
3040189	2	Hands of Necronia	45
3040190	0	Mana Blast	1
3040190	1	Tyros Aggeris	1
3040190	2	Pleiades	45
3040191	0	Weiss Drachen	1
3040191	1	Heis Turbulenz	1
3040191	2	Uberuption	45
3040192	0	Zerreissen	1
3040192	1	Eiszapfen	1
3040192	2	Schneetreiben	45
3040193	0	Aqua Blade	1
3040193	1	Brave Combat	1
3040193	2	Healing Evolution	1
3040193	3	Treble Trouble	45
3040194	0	Empyreal Blueblade	1
3040194	1	True Chivalry	1
3040194	2	Sword of Lumiel	45
3040195	0	Starry Sky	1
3040195	1	Adorned Falling Star	1
3040195	2	Heart Seeker	45
3040196	0	Trishula	1
3040196	1	Brahma and Rudra	1
3040196	2	Tandava	45
3040197	0	Bamboo Splitter	1
3040197	1	Reckless Abandon	1
3040197	2	Flowering Brilliance	45
3040198	0	Splintered Cell	1
3040198	1	Forever Yours	1
3040198	2	Shed Your Blood	45
3040199	0	Discover Truth	1
3040199	1	Power Extraction	1
3040199	2	Negation	45
3040200	0	Jumpslash	1
3040200	1	Royal Protection	1
3040200	2	Princess Force	45
3040201	0	Speed Up	1
3040201	1	Threefold Slash	1
3040201	2	Alseid Spear	45
3040202	0	Shield of the Gods: Aigis	1
3040202	1	Tetradrachm	1
3040202	2	Glare of Glafkos	45
3040203	0	Toxic Nails	1
3040203	1	Nimble Throw	1
3040203	2	Shadow Arts	45
3040204	0	Scratchnado	1
3040204	1	Here Goes	1
3040204	2	Cattivating Charm	45
3040205	0	Ideals	1
3040205	1	Feline Freedom	1
3040205	2	Bam, Pow, Scratch	45
3040206	0	Heartfelt	1
3040206	1	Sweet Entropy	1
3040206	2	Atomic Acceleration	45
3040207	0	Love Saber	1
3040207	1	Get Over Hair	1
3040207	2	Decorate	45
3040208	0	Mirage Raid	1
3040208	1	Reckoning Day	1
3040208	2	Royal Litany	45
3040209	0	Blau Gespenst	1
3040209	1	Benediction II	1
3040209	2	Die Umkehrung	45
3040210	0	Shiranui	1
3040210	1	Hien: Homuragaeshi	1
3040210	2	Balmy Breeze	45
3040211	0	Plan B	1
3040211	1	Primal Wave	1
3040211	2	Nitro Force	45
3040212	0	Eternal Storm	1
3040212	1	Ultimate Tempest	1
3040212	2	Divine Decimation on High	45
3040213	0	Froststar Gale	1
3040213	1	Hail Storm	1
3040213	2	Glacial Tundra	45
3040214	0	Mighty Eye	1
3040214	1	Petrifying Vision	1
3040214	2	Medusiana Action	45
3040215	0	Adad Edge	1
3040215	1	Session	1
3040215	2	Rock Out	45
3040216	0	Thunderball	1
3040216	1	Armor Down	1
3040216	2	Dark Eclipse	45
3040217	0	Love Grapple	1
3040217	1	Magnificent Magnum Chop	1
3040217	2	Fanatical Fighting Soul	45
3040218	0	Tuatha De Danann	1
3040218	1	Bua	1
3040218	2	Nemain	45
3040219	0	Slash Harken	1
3040219	1	Druid System	1
3040219	2	Black Chessmaster	45
3040220	0	MVS	1
3040220	1	Blaze Luminous	1
3040220	2	White Knight	45
3040221	0	43mm Grenade Launcher	1
3040221	1	Chaff Smoke	1
3040221	2	Crimson Will	45
3040222	0	Girl of Steel	1
3040222	1	Tallyho	1
3040222	2	Still Alive	45
3040223	0	Eterno	1
3040223	1	Perpetuo	1
3040223	2	Geminis	45
3040224	0	Land of the Free	1
3040224	1	One-Two-Free-Fall	1
3040224	2	Running Lights	45
3040225	0	Ars Nova / Ars Notoria	1
3040225	1	Phantasmal Mirage	1
3040225	2	Disruption	45
3040226	0	House of Thebes	1
3040226	1	Starry Fate	1
3040226	2	Tyros Benedictus	45
3040227	0	Pflegeschuss	1
3040227	1	Feuerwerk	1
3040227	2	Aussenseiter	45
3040228	0	Bonfire Dance	1
3040228	1	Flowering Lily	1
3040228	2	Setting the Tempo	45
3040229	0	I'm Excited!	1
3040229	1	The Rice is Ready!	1
3040229	2	I Don't Understand!	1
3040229	3	Maki Rin Pana	45
3040230	0	Love Arrow, Shoot!	1
3040230	1	Fight!	1
3040230	2	Don't Forget to Smile!	1
3040230	3	START:DASH!!	45
3040231	0	Khorosho!	1
3040231	1	Nico-Nico-Ni!	1
3040231	2	How Spiritual!	1
3040231	3	Melody of the Heart	45
3040232	0	Uncrossable Waters	1
3040232	1	Hildebrand	1
3040232	2	Nibelung Sand	45
3040233	0	Heart, Be Braver	1
3040233	1	Firestorm Blossom	1
3040233	2	Roaring Spirit	45
3040234	0	Iiedad	1
3040234	1	Al-Matar Takil	1
3040234	2	Dhanusha Lana	45
3040235	0	Flashpoint	1
3040235	1	Force Field	1
3040235	2	Standby Mode	45
3040236	0	Affectio	1
3040236	1	Tonitrua	1
3040236	2	Afflatus	45
3040237	0	Verdrangen	1
3040237	1	Mirage	1
3040237	2	Salvator	45
3040238	0	Flash and Thunder	1
3040238	1	Field Dressing	1
3040238	2	Winds of White Wings	1
3040238	3	Thunderclap Burst	45
3040239	0	Magic Horizons	1
3040239	1	Black Chamber	1
3040239	2	The Witch and the Reaper	45
3040240	0	Carve You Up!	1
3040240	1	This Is Not a Drill	1
3040240	2	Party Nightmare	45
3040241	0	First Dance: Tamagushi	1
3040241	1	Sixth Dance: Sakara	1
3040241	2	Vitality Dance: Shinwa	45
3040242	0	Ninth Dance: Akezome	1
3040242	1	Vessel's Kindling	1
3040242	2	Ninth Dance: Sakuya	45
3040244	0	Fleeting Fortune	1
3040244	1	Double Weave	1
3040244	2	Luminous Return	45
3040245	0	Sacred Reversal	1
3040245	1	Sanctify	1
3040245	2	Eternal Divinity	45
3040246	0	Hull Breacher II	1
3040246	1	Mirage Dive	1
3040246	2	Nitro Boost	45
3040247	0	Serenade	1
3040247	1	O Holy Night Ray	1
3040247	2	Land Eruption	45
